Step,AgentID,Wealth,Steps_not_given
0,0,1,0
0,1,1,0
0,2,1,0
0,3,1,0
0,4,1,0
0,5,1,0
0,6,1,0
0,7,1,0
0,8,1,0
0,9,1,0
0,10,1,0
0,11,1,0
0,12,1,0
0,13,1,0
0,14,1,0
0,15,1,0
0,16,1,0
0,17,1,0
0,18,1,0
0,19,1,0
0,20,1,0
0,21,1,0
0,22,1,0
0,23,1,0
0,24,1,0
0,25,1,0
0,26,1,0
0,27,1,0
0,28,1,0
0,29,1,0
0,30,1,0
0,31,1,0
0,32,1,0
0,33,1,0
0,34,1,0
0,35,1,0
0,36,1,0
0,37,1,0
0,38,1,0
0,39,1,0
0,40,1,0
0,41,1,0
0,42,1,0
0,43,1,0
0,44,1,0
0,45,1,0
0,46,1,0
0,47,1,0
0,48,1,0
0,49,1,0
0,50,1,0
0,51,1,0
0,52,1,0
0,53,1,0
0,54,1,0
0,55,1,0
0,56,1,0
0,57,1,0
0,58,1,0
0,59,1,0
0,60,1,0
0,61,1,0
0,62,1,0
0,63,1,0
0,64,1,0
0,65,1,0
0,66,1,0
0,67,1,0
0,68,1,0
0,69,1,0
0,70,1,0
0,71,1,0
0,72,1,0
0,73,1,0
0,74,1,0
0,75,1,0
0,76,1,0
0,77,1,0
0,78,1,0
0,79,1,0
0,80,1,0
0,81,1,0
0,82,1,0
0,83,1,0
0,84,1,0
0,85,1,0
0,86,1,0
0,87,1,0
0,88,1,0
0,89,1,0
0,90,1,0
0,91,1,0
0,92,1,0
0,93,1,0
0,94,1,0
0,95,1,0
0,96,1,0
0,97,1,0
0,98,1,0
0,99,1,0
1,9,1,1
1,72,2,0
1,82,1,0
1,74,2,0
1,60,1,0
1,22,2,0
1,89,2,1
1,66,1,0
1,44,2,1
1,96,0,0
1,68,1,1
1,58,0,0
1,80,2,1
1,86,1,0
1,88,1,0
1,49,0,0
1,39,1,0
1,69,1,1
1,29,1,0
1,38,1,0
1,35,0,0
1,56,0,0
1,87,1,1
1,6,1,1
1,91,1,0
1,77,1,0
1,71,1,0
1,85,1,1
1,73,0,0
1,3,1,0
1,17,0,0
1,61,1,0
1,75,1,0
1,26,1,0
1,7,1,0
1,4,1,1
1,21,2,0
1,41,1,0
1,98,0,0
1,59,1,1
1,70,1,1
1,46,1,1
1,20,2,1
1,95,1,0
1,12,2,0
1,47,2,0
1,10,1,1
1,94,1,0
1,50,1,0
1,36,0,0
1,83,1,0
1,8,2,1
1,51,3,1
1,93,1,1
1,13,0,0
1,40,1,0
1,54,0,0
1,67,1,0
1,53,0,0
1,5,1,1
1,81,2,1
1,1,1,0
1,78,1,1
1,76,1,1
1,79,1,1
1,57,1,0
1,33,2,0
1,55,1,1
1,11,1,1
1,97,0,0
1,24,1,1
1,62,1,0
1,32,1,0
1,18,0,0
1,14,2,0
1,90,1,1
1,23,0,0
1,31,0,0
1,63,2,1
1,64,0,0
1,30,2,1
1,92,1,0
1,0,1,0
1,15,1,0
1,84,1,0
1,34,1,0
1,37,1,1
1,52,1,0
1,99,0,0
1,42,1,1
1,27,1,1
1,16,1,1
1,65,0,0
1,19,0,0
1,2,2,1
1,25,2,1
1,45,1,0
1,48,1,0
1,28,1,1
1,43,1,1
2,45,1,0
2,32,2,1
2,68,2,2
2,6,1,0
2,71,0,0
2,72,1,0
2,1,0,0
2,28,0,0
2,2,3,0
2,95,0,0
2,22,3,1
2,86,1,1
2,67,1,0
2,97,0,1
2,56,0,1
2,57,1,1
2,25,2,0
2,80,3,0
2,3,1,0
2,98,0,1
2,55,1,0
2,85,0,0
2,74,2,1
2,90,0,0
2,18,0,1
2,38,1,1
2,37,1,2
2,62,1,0
2,83,1,0
2,5,1,0
2,14,2,1
2,12,1,0
2,48,2,1
2,70,1,0
2,91,0,0
2,16,1,0
2,77,0,0
2,79,0,0
2,88,1,0
2,46,0,0
2,96,0,1
2,13,0,1
2,76,1,2
2,17,0,1
2,23,0,1
2,51,3,2
2,65,1,1
2,75,0,0
2,36,0,1
2,42,0,0
2,69,2,2
2,24,1,2
2,89,2,0
2,66,1,0
2,92,2,0
2,60,1,1
2,9,0,0
2,19,1,1
2,21,3,0
2,0,1,1
2,30,2,2
2,34,2,1
2,11,1,2
2,81,1,0
2,84,3,1
2,94,1,0
2,31,0,1
2,10,1,0
2,64,0,1
2,99,0,1
2,50,1,1
2,4,1,0
2,49,0,1
2,78,0,0
2,27,0,0
2,26,0,0
2,7,1,1
2,33,2,1
2,61,0,0
2,35,0,1
2,44,3,2
2,59,1,2
2,82,1,0
2,52,2,0
2,73,0,1
2,40,1,0
2,47,3,1
2,53,0,0
2,43,3,2
2,41,1,1
2,87,2,2
2,29,1,1
2,58,0,1
2,20,3,0
2,63,2,0
2,39,1,1
2,8,2,2
2,54,0,1
2,15,0,0
2,93,1,2
3,27,0,1
3,58,0,2
3,17,0,2
3,61,0,1
3,69,3,3
3,86,0,0
3,56,0,2
3,68,3,3
3,13,0,2
3,71,0,1
3,53,0,1
3,30,1,0
3,95,0,1
3,47,3,0
3,44,4,3
3,54,1,2
3,42,0,1
3,37,2,3
3,21,3,1
3,63,2,0
3,94,1,0
3,45,0,0
3,67,1,1
3,75,1,1
3,65,0,0
3,77,0,1
3,29,1,2
3,23,0,2
3,49,0,2
3,14,3,2
3,88,2,0
3,55,1,1
3,20,4,0
3,51,2,0
3,5,1,0
3,85,1,1
3,64,0,2
3,89,2,0
3,87,2,0
3,2,4,1
3,4,1,1
3,90,0,1
3,81,1,1
3,59,2,0
3,1,0,1
3,83,2,1
3,97,0,2
3,26,0,1
3,22,2,0
3,33,2,0
3,91,0,1
3,48,2,0
3,78,0,1
3,0,1,2
3,76,1,0
3,73,0,2
3,11,0,0
3,70,2,1
3,16,1,0
3,66,0,0
3,35,0,2
3,40,1,1
3,8,1,0
3,31,1,2
3,46,0,1
3,62,1,0
3,10,1,1
3,52,1,0
3,84,2,0
3,9,0,1
3,36,0,2
3,6,1,0
3,60,0,0
3,80,3,1
3,24,1,3
3,15,1,0
3,99,0,2
3,43,2,0
3,74,1,0
3,50,0,0
3,7,2,0
3,38,0,0
3,41,1,0
3,92,1,0
3,19,1,0
3,57,1,2
3,12,1,1
3,72,1,0
3,32,2,2
3,25,1,0
3,82,2,0
3,96,1,0
3,93,0,0
3,39,1,0
3,79,0,1
3,34,2,0
3,98,0,2
3,18,0,2
3,3,1,0
3,28,0,0
4,67,0,0
4,21,3,2
4,58,0,3
4,63,2,1
4,17,0,3
4,51,1,0
4,18,0,3
4,4,1,0
4,76,0,0
4,87,2,1
4,98,0,3
4,60,0,1
4,30,0,0
4,15,0,0
4,70,2,2
4,37,3,4
4,29,1,0
4,39,0,0
4,34,2,0
4,93,0,1
4,43,1,0
4,97,0,3
4,49,1,0
4,55,0,0
4,32,2,0
4,90,0,2
4,77,0,2
4,12,1,0
4,9,1,2
4,22,2,0
4,8,1,0
4,24,1,4
4,61,0,2
4,86,0,1
4,36,0,3
4,69,2,0
4,28,1,1
4,82,2,1
4,81,1,2
4,10,0,0
4,13,1,3
4,56,0,3
4,92,1,1
4,88,3,1
4,64,0,3
4,16,0,0
4,73,0,3
4,84,2,0
4,78,0,2
4,5,0,0
4,41,1,1
4,20,5,1
4,53,0,2
4,45,0,1
4,96,1,1
4,80,2,0
4,3,2,0
4,75,1,2
4,0,2,3
4,57,1,3
4,94,2,1
4,99,0,3
4,66,0,1
4,91,0,2
4,2,4,0
4,19,1,0
4,33,2,0
4,23,0,3
4,40,1,0
4,35,0,3
4,89,1,0
4,48,1,0
4,52,2,1
4,59,2,0
4,65,0,1
4,71,0,2
4,25,1,1
4,68,3,0
4,72,1,0
4,54,2,0
4,79,0,2
4,38,1,0
4,47,2,0
4,74,0,0
4,95,0,2
4,6,2,0
4,7,2,0
4,14,3,3
4,50,0,1
4,83,4,2
4,26,0,2
4,31,2,3
4,46,0,2
4,85,1,0
4,27,1,2
4,1,0,2
4,42,0,2
4,11,0,1
4,62,1,1
4,44,3,0
5,98,0,4
5,81,1,0
5,58,0,4
5,12,2,1
5,92,0,0
5,61,0,3
5,73,0,4
5,8,1,0
5,74,1,1
5,46,0,3
5,4,1,1
5,89,1,1
5,63,2,2
5,48,0,0
5,45,0,2
5,27,1,0
5,14,3,4
5,83,4,3
5,71,0,3
5,87,2,0
5,20,6,0
5,26,0,3
5,39,0,1
5,32,2,0
5,38,2,1
5,99,0,4
5,68,3,1
5,52,3,2
5,94,2,2
5,5,0,1
5,42,0,3
5,33,1,0
5,67,0,1
5,41,1,2
5,13,1,0
5,82,1,0
5,17,0,4
5,47,2,0
5,29,0,0
5,1,0,3
5,0,2,0
5,86,1,2
5,49,0,0
5,84,3,1
5,30,1,0
5,65,1,0
5,37,3,0
5,93,0,2
5,77,1,3
5,54,2,1
5,95,0,3
5,69,1,0
5,11,0,2
5,79,0,3
5,3,2,1
5,10,1,1
5,97,0,4
5,55,0,1
5,88,2,0
5,18,0,4
5,50,0,2
5,34,2,1
5,22,1,0
5,21,3,3
5,57,1,4
5,90,0,3
5,64,0,4
5,44,4,1
5,53,1,3
5,19,0,0
5,40,1,1
5,24,1,5
5,78,0,3
5,96,1,2
5,62,1,0
5,56,0,4
5,59,1,0
5,91,0,3
5,2,3,0
5,76,0,1
5,72,1,1
5,60,0,2
5,6,2,0
5,75,1,0
5,25,1,0
5,43,2,1
5,66,1,2
5,85,0,0
5,36,0,4
5,35,0,4
5,31,1,0
5,15,0,1
5,16,0,1
5,23,0,4
5,7,2,0
5,28,1,2
5,80,3,0
5,70,1,0
5,51,1,0
5,9,0,0
6,94,1,0
6,76,0,2
6,40,0,0
6,98,0,5
6,38,1,0
6,59,0,0
6,25,1,1
6,34,2,0
6,45,0,3
6,72,2,0
6,93,0,3
6,54,1,0
6,27,2,0
6,13,0,0
6,15,0,2
6,32,2,1
6,83,4,0
6,73,0,5
6,48,0,0
6,67,0,2
6,30,1,1
6,10,1,0
6,44,4,2
6,77,2,4
6,11,0,3
6,8,3,0
6,71,1,4
6,57,0,0
6,18,0,5
6,19,1,1
6,66,0,0
6,74,0,0
6,55,0,2
6,92,1,1
6,2,3,0
6,60,0,3
6,97,0,5
6,41,1,0
6,51,1,0
6,52,3,3
6,56,1,5
6,1,0,4
6,58,1,0
6,43,2,2
6,75,0,0
6,28,1,0
6,91,0,4
6,50,0,3
6,87,1,0
6,0,1,0
6,90,0,4
6,39,0,2
6,78,0,4
6,21,2,0
6,6,1,0
6,70,2,0
6,69,1,0
6,86,1,0
6,7,2,0
6,23,1,5
6,35,0,5
6,47,1,0
6,99,0,5
6,49,0,1
6,26,1,4
6,88,2,0
6,14,2,0
6,89,0,0
6,4,0,0
6,5,0,2
6,53,2,4
6,62,1,0
6,33,0,0
6,84,3,2
6,37,4,0
6,24,1,0
6,82,1,1
6,68,4,0
6,96,2,3
6,9,0,1
6,22,0,0
6,3,1,0
6,85,0,1
6,31,1,1
6,42,0,4
6,36,0,5
6,81,2,0
6,16,0,2
6,63,3,3
6,64,1,0
6,17,0,5
6,79,0,4
6,65,1,0
6,29,0,1
6,20,6,1
6,46,0,4
6,12,2,2
6,80,3,1
6,95,1,4
6,61,0,4
7,40,1,1
7,12,2,3
7,49,0,2
7,53,2,0
7,25,2,2
7,56,1,6
7,94,1,1
7,64,0,0
7,6,1,0
7,70,1,0
7,23,0,0
7,8,3,1
7,33,0,1
7,74,0,1
7,96,2,4
7,39,0,3
7,81,1,0
7,51,1,0
7,20,7,0
7,57,1,1
7,43,1,0
7,26,2,0
7,45,0,4
7,3,1,1
7,47,1,0
7,91,1,5
7,86,0,0
7,24,1,0
7,82,1,2
7,77,1,0
7,66,0,1
7,36,0,6
7,27,2,1
7,58,1,0
7,89,0,1
7,4,1,1
7,73,0,6
7,60,0,4
7,55,0,0
7,31,1,0
7,35,0,6
7,63,4,4
7,98,0,6
7,16,0,3
7,0,1,1
7,90,0,5
7,42,1,5
7,28,2,1
7,22,0,1
7,29,0,2
7,50,0,4
7,52,2,0
7,38,0,0
7,59,0,1
7,54,2,1
7,92,0,0
7,83,4,0
7,76,0,3
7,71,0,0
7,75,0,1
7,48,0,1
7,13,0,1
7,34,1,0
7,9,0,2
7,68,4,0
7,62,1,0
7,78,0,5
7,72,2,0
7,17,1,6
7,79,0,5
7,2,3,0
7,87,0,0
7,80,3,2
7,84,3,3
7,18,0,6
7,93,0,4
7,44,3,0
7,5,0,3
7,85,0,2
7,11,1,4
7,10,1,0
7,21,2,0
7,69,1,1
7,15,0,3
7,88,2,1
7,32,2,0
7,30,1,2
7,99,0,6
7,37,4,1
7,97,1,6
7,1,0,5
7,95,2,0
7,61,0,5
7,14,1,0
7,67,0,3
7,46,0,5
7,41,2,0
7,7,2,1
7,65,1,1
7,19,0,0
8,30,0,0
8,47,0,0
8,32,2,1
8,83,5,1
8,70,0,0
8,20,7,0
8,64,1,1
8,77,1,1
8,14,1,1
8,31,2,1
8,10,1,0
8,73,0,7
8,84,3,4
8,42,0,0
8,79,0,6
8,67,1,4
8,96,2,0
8,52,2,0
8,81,1,1
8,94,0,0
8,40,0,0
8,21,3,1
8,11,1,0
8,88,1,0
8,53,2,0
8,50,0,5
8,16,0,4
8,68,4,0
8,43,1,0
8,99,0,7
8,19,0,1
8,6,1,0
8,9,1,3
8,46,0,6
8,62,0,0
8,45,0,5
8,59,0,2
8,38,0,1
8,4,1,2
8,12,3,4
8,66,0,2
8,85,0,3
8,56,1,0
8,69,0,0
8,75,1,2
8,13,0,2
8,25,2,3
8,90,1,6
8,37,4,2
8,61,0,6
8,8,4,0
8,24,1,1
8,15,0,4
8,65,1,2
8,1,0,6
8,93,0,5
8,89,0,2
8,18,1,7
8,33,0,2
8,97,2,7
8,29,0,3
8,26,1,0
8,3,1,0
8,60,0,5
8,39,0,4
8,34,0,0
8,49,0,3
8,28,1,0
8,92,0,1
8,57,1,2
8,95,2,1
8,51,0,0
8,27,1,0
8,87,0,1
8,82,1,3
8,63,4,0
8,74,0,2
8,54,2,0
8,22,0,2
8,0,1,2
8,48,0,0
8,41,2,1
8,7,2,2
8,2,3,0
8,23,0,1
8,76,0,4
8,78,0,6
8,17,1,0
8,36,0,7
8,72,2,0
8,44,4,0
8,98,0,7
8,71,0,1
8,5,0,4
8,58,2,1
8,91,1,6
8,80,3,3
8,55,0,1
8,35,0,7
8,86,0,1
9,87,0,2
9,78,0,7
9,41,1,0
9,45,1,6
9,11,1,0
9,76,0,5
9,55,0,2
9,0,0,0
9,83,4,0
9,43,1,0
9,94,0,1
9,15,0,5
9,85,1,4
9,86,0,2
9,91,2,7
9,67,1,5
9,30,0,1
9,63,3,0
9,54,3,0
9,61,1,7
9,49,0,4
9,35,0,8
9,29,0,4
9,60,0,6
9,72,1,0
9,22,0,3
9,18,0,0
9,16,0,5
9,3,1,1
9,14,1,0
9,39,0,5
9,65,1,0
9,19,1,2
9,13,0,3
9,59,0,3
9,31,1,0
9,90,1,7
9,12,3,5
9,88,1,1
9,24,1,2
9,66,0,3
9,68,4,0
9,37,3,0
9,57,1,0
9,53,3,0
9,82,1,4
9,6,1,1
9,73,0,8
9,26,1,0
9,4,1,3
9,48,0,1
9,74,0,3
9,47,0,1
9,44,6,1
9,1,0,7
9,71,0,2
9,23,0,2
9,33,0,3
9,51,1,1
9,62,0,1
9,52,2,0
9,9,1,4
9,70,0,1
9,96,1,0
9,98,0,8
9,92,0,2
9,34,0,1
9,97,2,8
9,95,2,2
9,36,0,8
9,80,3,4
9,79,0,7
9,21,2,0
9,69,0,1
9,20,7,1
9,50,0,6
9,28,1,0
9,89,0,3
9,75,1,0
9,58,2,2
9,25,3,4
9,2,2,0
9,93,0,6
9,8,3,0
9,46,1,7
9,77,1,0
9,17,1,1
9,5,0,5
9,38,0,2
9,64,0,0
9,40,0,1
9,32,2,2
9,81,1,2
9,42,0,1
9,99,0,8
9,84,3,0
9,27,0,0
9,10,2,0
9,7,3,3
9,56,1,0
10,66,0,4
10,85,1,0
10,39,1,6
10,87,0,3
10,74,0,4
10,34,0,2
10,48,0,2
10,49,0,5
10,64,0,1
10,24,1,0
10,61,0,0
10,73,1,9
10,30,0,2
10,98,0,0
10,60,0,7
10,90,0,0
10,32,2,3
10,84,3,1
10,33,0,4
10,56,1,1
10,97,1,0
10,14,1,1
10,38,0,3
10,35,0,9
10,91,2,0
10,19,1,0
10,46,2,8
10,47,0,2
10,86,1,3
10,8,2,0
10,27,1,1
10,78,0,8
10,2,2,0
10,6,1,2
10,96,1,0
10,1,0,8
10,57,1,0
10,0,1,1
10,5,0,6
10,77,1,0
10,71,0,3
10,79,0,8
10,41,1,1
10,99,0,9
10,25,2,0
10,88,1,2
10,16,0,6
10,40,0,2
10,26,1,0
10,95,1,0
10,50,0,7
10,94,0,2
10,72,2,1
10,83,4,1
10,45,1,0
10,54,2,0
10,58,2,3
10,12,3,6
10,28,1,1
10,67,1,6
10,59,0,4
10,76,0,6
10,52,1,0
10,65,1,0
10,31,2,0
10,51,2,0
10,17,0,0
10,69,1,2
10,9,1,5
10,11,1,0
10,63,2,0
10,42,0,2
10,93,0,7
10,4,1,4
10,82,1,5
10,3,2,0
10,15,0,6
10,70,0,2
10,44,6,0
10,89,0,4
10,18,0,1
10,55,0,3
10,22,0,4
10,10,2,0
10,43,1,1
10,36,0,9
10,68,4,0
10,13,0,4
10,37,2,0
10,92,0,3
10,62,0,2
10,23,1,3
10,81,1,0
10,20,7,2
10,29,0,5
10,53,3,1
10,80,3,5
10,21,2,1
10,7,2,0
10,75,1,0
11,69,1,0
11,5,0,7
11,62,0,3
11,30,0,3
11,26,1,1
11,72,2,0
11,79,0,9
11,16,0,7
11,23,1,0
11,83,4,2
11,25,2,0
11,89,0,5
11,78,0,9
11,56,0,0
11,19,2,1
11,48,0,3
11,11,0,0
11,98,0,1
11,76,0,7
11,22,1,5
11,8,2,0
11,14,1,2
11,45,1,0
11,92,0,4
11,74,0,5
11,29,0,6
11,0,1,0
11,90,1,1
11,84,3,0
11,82,1,6
11,49,1,6
11,87,1,4
11,55,0,4
11,68,3,0
11,91,2,1
11,60,0,8
11,63,2,0
11,38,0,4
11,57,1,0
11,65,1,0
11,73,1,0
11,6,1,3
11,32,2,0
11,80,3,0
11,36,1,10
11,13,2,5
11,37,2,1
11,77,1,0
11,52,1,1
11,9,0,0
11,12,3,0
11,97,0,0
11,24,1,1
11,86,1,4
11,88,1,0
11,93,0,8
11,40,0,3
11,46,1,0
11,70,0,3
11,18,0,2
11,50,0,8
11,28,2,2
11,51,1,0
11,42,0,3
11,94,0,3
11,43,1,2
11,4,1,5
11,27,1,2
11,66,0,0
11,71,0,4
11,59,0,5
11,31,2,0
11,47,0,3
11,1,0,9
11,53,3,2
11,67,1,7
11,33,0,5
11,7,2,1
11,44,6,0
11,96,0,0
11,81,1,0
11,85,1,0
11,20,6,0
11,58,1,0
11,41,1,2
11,15,0,7
11,10,1,0
11,34,0,3
11,2,2,1
11,17,0,0
11,54,3,1
11,35,0,10
11,61,0,1
11,3,3,0
11,95,1,1
11,99,0,10
11,39,0,0
11,64,0,2
11,21,2,0
11,75,2,1
12,18,0,3
12,85,2,0
12,59,1,6
12,63,1,0
12,53,2,0
12,96,1,1
12,94,0,4
12,91,2,0
12,44,5,0
12,61,1,2
12,12,2,0
12,39,0,1
12,73,1,1
12,69,1,0
12,80,3,0
12,90,1,0
12,14,2,0
12,1,0,10
12,47,0,4
12,55,0,5
12,82,1,7
12,88,1,0
12,62,0,4
12,10,0,0
12,24,0,0
12,54,2,0
12,81,1,0
12,79,1,10
12,75,1,0
12,49,0,0
12,50,0,9
12,31,2,0
12,58,1,0
12,29,0,7
12,98,0,2
12,99,0,11
12,13,1,0
12,35,0,11
12,8,1,0
12,2,2,2
12,28,2,0
12,41,1,0
12,86,1,5
12,60,0,9
12,95,1,2
12,17,0,1
12,65,3,1
12,23,0,0
12,27,2,0
12,20,5,0
12,78,0,10
12,6,2,4
12,84,3,1
12,26,1,2
12,9,0,1
12,97,1,0
12,87,1,5
12,77,2,0
12,34,0,4
12,5,0,8
12,25,1,0
12,33,1,0
12,46,1,1
12,4,1,0
12,64,0,3
12,7,1,0
12,38,0,0
12,43,1,3
12,36,1,11
12,68,3,0
12,92,0,5
12,57,1,1
12,72,2,1
12,40,0,4
12,30,0,4
12,16,0,8
12,52,0,0
12,70,0,0
12,74,0,6
12,48,0,4
12,66,1,1
12,19,3,2
12,45,1,1
12,32,2,1
12,3,3,0
12,56,0,1
12,37,2,2
12,76,0,8
12,21,2,1
12,42,0,0
12,67,1,8
12,83,4,3
12,11,0,1
12,93,0,9
12,89,0,6
12,22,1,6
12,51,1,0
12,15,1,8
12,0,1,0
12,71,0,5
13,16,0,9
13,39,0,2
13,32,2,0
13,95,2,3
13,42,0,1
13,61,0,0
13,11,1,2
13,27,2,0
13,31,1,0
13,99,0,12
13,7,3,1
13,67,1,9
13,53,2,0
13,38,0,1
13,26,1,0
13,98,0,3
13,93,1,10
13,44,4,0
13,70,0,1
13,9,0,2
13,20,5,0
13,58,2,1
13,43,3,0
13,6,2,0
13,47,0,5
13,78,0,11
13,85,1,0
13,90,1,0
13,19,3,3
13,75,1,0
13,35,0,12
13,74,0,7
13,63,0,0
13,84,3,0
13,37,1,0
13,54,1,0
13,66,1,2
13,18,0,4
13,52,0,1
13,33,0,0
13,2,2,3
13,41,1,0
13,68,3,1
13,88,2,1
13,15,1,0
13,76,0,9
13,57,0,0
13,29,1,8
13,86,1,6
13,46,2,2
13,13,0,0
13,92,0,6
13,94,0,5
13,34,0,5
13,4,1,1
13,65,2,0
13,50,1,10
13,17,0,2
13,80,3,1
13,97,1,0
13,24,0,1
13,64,0,4
13,91,2,0
13,5,1,9
13,48,0,5
13,22,0,0
13,25,2,1
13,56,0,2
13,69,2,0
13,87,2,6
13,12,2,1
13,23,0,1
13,14,2,1
13,72,1,0
13,21,2,0
13,59,0,0
13,51,1,0
13,82,1,8
13,3,3,1
13,10,0,1
13,49,0,1
13,83,3,0
13,62,1,5
13,28,1,0
13,55,0,6
13,89,0,7
13,1,0,11
13,40,0,5
13,96,0,0
13,60,0,10
13,8,1,1
13,81,1,0
13,77,2,0
13,71,1,0
13,73,1,0
13,36,0,0
13,30,0,5
13,45,2,2
13,0,1,0
13,79,0,0
14,41,0,0
14,30,0,6
14,13,0,1
14,27,2,1
14,88,2,2
14,87,1,0
14,71,0,0
14,70,0,2
14,36,0,1
14,23,0,2
14,57,1,1
14,28,1,1
14,34,0,6
14,25,3,2
14,50,1,0
14,19,2,0
14,51,1,1
14,9,1,3
14,7,4,2
14,77,2,0
14,47,0,6
14,11,1,0
14,64,0,5
14,20,5,0
14,0,0,0
14,4,1,0
14,10,0,2
14,63,1,1
14,31,0,0
14,97,1,1
14,38,1,2
14,73,1,1
14,15,0,0
14,39,0,3
14,82,1,0
14,81,0,0
14,61,0,1
14,16,1,10
14,79,2,1
14,72,1,1
14,46,1,0
14,84,2,0
14,33,0,1
14,58,1,0
14,86,0,0
14,32,2,1
14,43,3,0
14,6,3,0
14,1,0,12
14,74,0,8
14,83,2,0
14,53,2,1
14,89,1,0
14,48,0,6
14,75,1,0
14,65,2,1
14,8,1,2
14,55,0,7
14,60,0,11
14,18,0,5
14,44,4,1
14,54,2,1
14,21,1,0
14,35,0,13
14,76,0,10
14,95,2,0
14,56,0,3
14,92,0,7
14,24,0,2
14,5,1,10
14,69,1,0
14,14,2,0
14,49,0,2
14,94,0,6
14,98,0,4
14,91,2,1
14,68,2,0
14,22,0,0
14,80,4,2
14,45,1,0
14,2,2,4
14,37,2,0
14,52,1,2
14,93,1,0
14,59,0,1
14,78,0,12
14,3,3,2
14,62,1,0
14,29,1,9
14,40,0,0
14,66,2,0
14,90,1,1
14,17,2,3
14,12,2,0
14,67,1,0
14,26,1,0
14,42,0,2
14,96,0,1
14,99,0,13
14,85,0,0
15,28,1,2
15,71,0,1
15,62,2,1
15,11,1,1
15,99,0,14
15,79,3,0
15,65,1,0
15,6,4,0
15,13,1,2
15,8,1,3
15,64,0,6
15,96,1,2
15,52,0,0
15,76,0,11
15,54,2,2
15,20,6,1
15,16,0,0
15,1,0,13
15,93,1,0
15,80,4,3
15,70,0,3
15,0,0,1
15,83,2,0
15,92,0,8
15,22,0,1
15,4,1,0
15,24,0,3
15,56,0,4
15,91,2,0
15,53,3,2
15,81,0,1
15,47,0,7
15,58,0,0
15,69,1,0
15,87,0,0
15,94,0,7
15,39,0,4
15,40,0,1
15,57,1,2
15,31,0,1
15,98,1,0
15,7,3,0
15,15,1,1
15,85,1,1
15,86,1,1
15,77,2,0
15,12,2,0
15,48,0,7
15,59,0,2
15,43,2,0
15,10,0,3
15,32,1,0
15,26,1,0
15,35,0,14
15,9,1,0
15,42,0,3
15,78,0,13
15,95,2,0
15,51,1,2
15,34,0,7
15,2,2,5
15,27,2,0
15,36,0,2
15,55,0,8
15,33,0,2
15,84,2,0
15,89,2,1
15,21,0,0
15,38,1,0
15,17,2,4
15,90,0,0
15,88,1,0
15,49,0,0
15,46,1,1
15,97,0,0
15,68,1,0
15,50,1,1
15,23,0,3
15,18,2,6
15,30,1,7
15,19,3,1
15,66,1,0
15,75,1,1
15,63,0,0
15,45,1,1
15,60,0,12
15,73,0,0
15,44,4,0
15,82,1,1
15,67,1,0
15,29,1,10
15,5,1,0
15,61,0,2
15,37,1,0
15,3,3,3
15,25,3,0
15,72,1,2
15,14,2,0
15,74,1,9
15,41,0,1
16,27,1,0
16,31,0,2
16,87,0,1
16,91,1,0
16,11,0,0
16,50,1,2
16,43,2,0
16,73,0,1
16,16,2,0
16,9,1,0
16,90,1,1
16,10,0,4
16,71,0,2
16,4,1,1
16,58,0,1
16,54,2,0
16,80,4,0
16,15,2,0
16,70,0,4
16,25,4,0
16,49,0,1
16,7,2,0
16,84,2,0
16,38,1,1
16,52,0,1
16,5,0,0
16,51,0,0
16,93,1,0
16,89,1,0
16,39,0,5
16,24,0,4
16,2,1,0
16,55,1,9
16,36,2,3
16,18,2,0
16,64,0,7
16,75,0,0
16,98,2,1
16,21,0,1
16,65,1,0
16,82,1,2
16,29,0,0
16,40,0,2
16,83,2,0
16,12,1,0
16,92,0,9
16,99,0,15
16,45,2,2
16,23,0,4
16,20,5,0
16,26,1,1
16,57,2,0
16,66,3,1
16,72,0,0
16,74,1,10
16,41,1,2
16,59,0,0
16,34,1,8
16,97,0,1
16,28,0,0
16,35,0,15
16,0,0,2
16,88,1,1
16,46,1,2
16,60,0,13
16,14,1,0
16,94,1,8
16,78,1,14
16,33,0,3
16,42,0,4
16,19,2,0
16,56,0,5
16,1,0,0
16,22,0,2
16,6,4,1
16,30,1,8
16,37,0,0
16,96,1,3
16,85,1,2
16,3,3,4
16,17,3,5
16,8,0,0
16,76,0,0
16,61,0,3
16,44,5,0
16,67,0,0
16,77,2,0
16,95,2,0
16,86,1,0
16,32,1,0
16,68,0,0
16,63,0,1
16,62,2,0
16,69,2,0
16,81,0,2
16,79,2,0
16,47,0,8
16,13,1,0
16,48,0,8
16,53,4,3
17,19,2,1
17,54,1,0
17,65,2,1
17,7,2,0
17,10,0,5
17,99,0,16
17,70,0,5
17,63,0,2
17,37,0,1
17,96,1,0
17,91,1,1
17,98,1,0
17,94,0,0
17,22,0,3
17,68,0,1
17,95,2,1
17,67,0,1
17,80,4,0
17,39,0,6
17,30,1,9
17,71,1,3
17,36,2,4
17,86,2,0
17,44,5,1
17,3,3,0
17,2,1,1
17,27,1,1
17,62,2,1
17,46,1,3
17,11,0,1
17,35,0,16
17,17,3,6
17,48,0,9
17,53,3,0
17,40,0,3
17,33,0,4
17,29,1,1
17,38,0,0
17,42,0,5
17,52,1,2
17,1,0,1
17,51,0,1
17,59,1,1
17,34,1,9
17,50,0,0
17,14,1,1
17,4,3,2
17,32,1,0
17,81,0,3
17,18,2,0
17,93,1,1
17,55,2,10
17,72,0,0
17,25,4,0
17,84,2,1
17,31,0,3
17,82,1,0
17,61,0,4
17,87,0,2
17,21,0,2
17,76,0,1
17,16,1,0
17,23,0,5
17,75,0,1
17,60,0,14
17,88,1,0
17,92,0,10
17,45,1,0
17,26,1,0
17,73,0,2
17,13,1,1
17,90,0,0
17,79,1,0
17,97,0,2
17,0,1,0
17,47,0,9
17,6,6,0
17,89,0,0
17,64,0,8
17,12,0,0
17,5,1,1
17,24,0,5
17,8,0,1
17,85,1,3
17,56,0,6
17,41,1,0
17,20,5,1
17,58,0,2
17,83,2,1
17,78,0,0
17,43,2,0
17,69,2,1
17,57,2,0
17,49,0,2
17,77,2,0
17,28,0,1
17,66,4,0
17,9,1,0
17,15,2,1
17,74,0,0
18,70,1,6
18,65,2,0
18,71,1,4
18,4,3,0
18,78,0,1
18,31,1,4
18,80,5,1
18,26,1,1
18,54,0,0
18,73,0,3
18,95,1,0
18,25,5,1
18,84,2,0
18,91,1,2
18,88,1,1
18,30,0,0
18,7,2,0
18,56,0,0
18,44,6,0
18,3,3,1
18,74,0,1
18,61,0,5
18,21,0,3
18,28,0,2
18,79,2,1
18,75,0,2
18,35,0,17
18,47,1,10
18,36,2,0
18,83,1,0
18,10,0,6
18,18,1,0
18,81,0,4
18,34,1,0
18,33,0,5
18,45,1,0
18,15,2,2
18,93,1,0
18,22,0,4
18,68,0,2
18,42,0,6
18,1,0,2
18,85,1,0
18,89,0,1
18,37,0,2
18,49,0,3
18,11,0,2
18,97,1,3
18,66,3,0
18,62,2,0
18,72,0,1
18,17,3,0
18,98,1,1
18,51,0,2
18,29,1,2
18,38,0,1
18,59,0,0
18,87,1,3
18,76,1,2
18,2,1,0
18,23,0,6
18,63,0,3
18,60,0,15
18,82,0,0
18,46,1,4
18,13,1,0
18,20,4,0
18,77,1,0
18,5,1,2
18,57,4,1
18,12,0,1
18,43,1,0
18,86,3,0
18,27,0,0
18,39,0,7
18,69,2,0
18,94,0,1
18,99,0,17
18,8,0,2
18,0,0,0
18,52,0,0
18,14,0,0
18,53,3,0
18,48,0,10
18,64,0,9
18,16,1,1
18,96,1,0
18,9,0,0
18,24,0,6
18,6,7,0
18,90,1,0
18,41,1,1
18,67,0,2
18,58,0,3
18,19,2,2
18,32,1,1
18,55,2,11
18,50,0,1
18,40,1,0
18,92,0,11
19,28,0,3
19,51,1,3
19,63,1,4
19,64,0,10
19,96,0,0
19,89,0,2
19,68,0,3
19,82,0,1
19,47,0,0
19,55,2,12
19,83,0,0
19,56,1,1
19,24,0,7
19,69,2,0
19,36,2,1
19,88,1,2
19,1,0,3
19,94,1,2
19,91,1,3
19,81,1,5
19,70,1,0
19,67,0,3
19,32,1,2
19,31,0,0
19,60,0,16
19,58,0,4
19,18,1,1
19,8,0,3
19,29,1,0
19,57,4,0
19,76,0,0
19,54,0,1
19,20,4,1
19,92,0,12
19,34,0,0
19,59,0,1
19,15,2,3
19,78,0,2
19,80,4,0
19,52,0,1
19,9,0,1
19,7,2,0
19,23,1,7
19,61,0,6
19,33,0,6
19,41,1,2
19,75,1,3
19,79,3,2
19,45,2,0
19,65,2,0
19,39,0,8
19,72,0,2
19,73,0,4
19,3,2,0
19,62,2,0
19,95,2,1
19,5,1,0
19,27,0,1
19,2,0,0
19,90,2,0
19,50,0,2
19,12,0,2
19,74,0,2
19,16,1,0
19,22,0,5
19,10,0,7
19,11,0,3
19,26,1,2
19,43,1,0
19,25,5,0
19,14,0,1
19,93,1,0
19,49,0,4
19,87,1,0
19,17,3,1
19,84,2,0
19,99,0,18
19,38,0,2
19,77,0,0
19,6,6,0
19,42,0,7
19,86,3,0
19,44,6,0
19,53,3,1
19,85,1,0
19,30,0,1
19,21,0,4
19,0,0,1
19,97,1,4
19,35,0,18
19,40,1,1
19,4,3,0
19,48,0,11
19,71,1,5
19,46,1,5
19,19,2,3
19,13,1,0
19,37,0,3
19,66,3,0
19,98,1,2
20,6,6,0
20,26,1,0
20,39,0,9
20,40,2,0
20,4,3,0
20,29,1,0
20,74,0,3
20,58,1,5
20,8,0,4
20,86,2,0
20,57,5,0
20,54,0,2
20,22,0,6
20,84,2,0
20,59,0,2
20,38,0,3
20,19,2,4
20,63,1,5
20,66,3,0
20,14,0,2
20,52,0,2
20,2,0,1
20,77,0,1
20,48,0,12
20,32,1,0
20,95,2,2
20,69,2,0
20,1,0,4
20,49,1,5
20,65,1,0
20,42,1,8
20,43,2,1
20,15,2,0
20,51,1,4
20,23,1,8
20,10,0,8
20,27,0,2
20,37,0,4
20,25,4,0
20,67,0,4
20,7,2,1
20,64,0,11
20,73,0,5
20,13,0,0
20,34,0,1
20,18,2,2
20,61,0,7
20,81,2,6
20,17,3,0
20,11,0,4
20,41,1,0
20,62,2,0
20,31,0,1
20,33,0,7
20,45,2,0
20,71,0,0
20,96,0,1
20,12,0,3
20,30,1,2
20,47,0,1
20,89,0,3
20,97,1,5
20,98,0,0
20,92,1,13
20,72,0,3
20,88,0,0
20,68,0,4
20,99,0,19
20,55,2,0
20,44,5,0
20,75,1,4
20,28,0,4
20,94,1,0
20,3,2,0
20,90,2,0
20,91,2,0
20,46,0,0
20,79,3,3
20,80,5,1
20,35,0,19
20,83,0,1
20,24,0,8
20,20,4,2
20,93,0,0
20,85,1,1
20,56,1,0
20,5,0,0
20,87,0,0
20,53,4,0
20,21,1,5
20,70,0,0
20,82,0,2
20,76,0,1
20,9,0,0
20,50,0,3
20,16,0,0
20,78,0,3
20,0,0,2
20,36,2,0
20,60,0,17
21,97,1,0
21,50,0,4
21,14,0,3
21,94,1,1
21,38,0,4
21,48,0,13
21,60,0,18
21,43,2,0
21,65,1,0
21,78,0,4
21,79,3,4
21,36,2,1
21,42,0,0
21,66,3,0
21,71,0,1
21,46,0,1
21,53,4,1
21,99,0,20
21,74,0,4
21,32,1,0
21,7,2,2
21,33,0,8
21,11,1,5
21,72,0,4
21,20,4,0
21,41,2,0
21,30,1,3
21,28,0,5
21,23,1,9
21,9,0,1
21,77,0,2
21,61,0,8
21,52,0,3
21,35,1,20
21,15,2,0
21,29,0,0
21,68,0,5
21,93,0,1
21,12,0,4
21,4,3,1
21,83,0,2
21,91,2,1
21,95,2,3
21,5,0,1
21,56,1,0
21,98,0,1
21,73,1,6
21,62,2,1
21,64,0,12
21,49,1,6
21,96,0,2
21,17,3,0
21,39,0,10
21,37,0,5
21,47,0,2
21,59,0,3
21,69,2,1
21,54,0,3
21,92,0,0
21,85,0,0
21,1,0,5
21,63,1,6
21,58,1,6
21,51,1,0
21,18,2,3
21,24,0,9
21,84,1,0
21,81,2,0
21,82,0,3
21,76,0,2
21,10,0,9
21,67,0,5
21,26,1,1
21,40,2,1
21,55,2,0
21,16,0,1
21,3,1,0
21,44,6,1
21,70,1,1
21,0,0,3
21,80,5,2
21,34,0,2
21,89,0,4
21,22,0,7
21,45,2,1
21,25,3,0
21,88,0,1
21,90,2,0
21,19,3,5
21,13,0,1
21,21,1,6
21,27,0,3
21,75,1,5
21,87,0,1
21,6,6,0
21,8,0,5
21,86,2,1
21,2,0,2
21,31,0,2
21,57,5,1
22,89,0,5
22,22,0,8
22,21,1,0
22,66,3,0
22,11,0,0
22,59,0,4
22,24,0,10
22,52,0,4
22,53,5,2
22,70,1,0
22,39,1,11
22,46,0,2
22,93,0,2
22,98,0,2
22,55,2,0
22,97,0,0
22,71,0,2
22,4,2,0
22,90,2,1
22,87,1,2
22,80,6,3
22,54,0,4
22,12,0,5
22,94,1,2
22,95,1,0
22,13,0,2
22,5,0,2
22,84,0,0
22,99,0,21
22,48,0,14
22,26,0,0
22,3,2,0
22,64,0,13
22,1,0,6
22,33,0,9
22,44,6,0
22,67,0,6
22,43,3,1
22,14,0,4
22,68,0,6
22,6,5,0
22,79,4,0
22,32,0,0
22,50,0,5
22,7,1,0
22,42,1,1
22,51,2,1
22,30,1,0
22,34,0,3
22,57,5,0
22,74,0,5
22,69,2,2
22,85,1,1
22,56,1,1
22,15,3,0
22,16,0,2
22,61,0,9
22,35,0,0
22,58,1,7
22,62,2,0
22,2,1,3
22,8,0,6
22,19,2,0
22,96,0,3
22,37,0,6
22,63,1,7
22,88,0,2
22,65,0,0
22,60,0,19
22,10,0,10
22,82,0,0
22,86,1,0
22,38,0,5
22,20,3,0
22,47,0,3
22,29,0,1
22,92,0,1
22,45,3,0
22,75,1,6
22,76,0,3
22,9,0,2
22,41,1,0
22,17,3,1
22,36,2,0
22,72,0,5
22,28,0,6
22,77,0,3
22,91,3,0
22,78,0,5
22,18,1,0
22,23,2,0
22,83,1,0
22,40,3,0
22,81,2,0
22,73,0,0
22,31,0,3
22,25,3,0
22,27,0,4
22,49,1,0
22,0,0,4
23,84,0,1
23,34,1,4
23,35,0,1
23,15,3,0
23,94,1,3
23,47,0,4
23,56,1,2
23,57,4,0
23,72,0,6
23,51,2,2
23,36,1,0
23,60,0,20
23,46,0,3
23,33,0,10
23,32,0,1
23,39,0,0
23,83,1,0
23,97,0,1
23,54,0,5
23,78,0,6
23,19,2,0
23,55,2,1
23,44,6,0
23,87,1,3
23,52,0,5
23,88,1,3
23,66,2,0
23,93,0,3
23,6,5,1
23,98,0,3
23,50,0,6
23,9,1,3
23,59,0,5
23,49,1,0
23,43,3,0
23,86,0,0
23,77,1,4
23,10,0,11
23,11,0,1
23,67,0,7
23,76,0,4
23,58,2,8
23,17,3,0
23,81,3,1
23,74,0,6
23,18,1,1
23,90,2,0
23,41,0,0
23,70,1,1
23,82,0,1
23,65,0,1
23,14,0,5
23,31,0,4
23,30,0,0
23,23,1,0
23,12,0,6
23,91,2,0
23,80,6,0
23,79,4,1
23,92,0,2
23,64,1,14
23,96,0,4
23,63,2,0
23,0,0,0
23,38,0,6
23,22,0,9
23,8,0,7
23,3,3,1
23,1,0,7
23,68,0,7
23,95,2,1
23,89,0,6
23,26,0,1
23,24,0,11
23,13,0,3
23,73,0,1
23,20,3,0
23,29,0,2
23,53,5,0
23,37,0,7
23,48,0,15
23,71,0,3
23,62,1,0
23,40,3,1
23,7,0,0
23,16,1,3
23,45,3,0
23,4,1,0
23,21,1,0
23,27,0,5
23,75,1,0
23,99,0,22
23,69,3,3
23,42,1,2
23,25,3,0
23,61,0,10
23,28,0,7
23,85,0,0
23,5,0,3
23,2,2,0
24,85,1,1
24,22,0,10
24,63,2,1
24,94,1,0
24,1,0,8
24,30,1,1
24,28,0,8
24,8,0,8
24,93,0,4
24,62,0,0
24,38,0,7
24,71,0,4
24,84,1,2
24,83,0,0
24,18,0,0
24,15,3,0
24,2,2,1
24,77,0,0
24,41,0,1
24,35,0,2
24,87,2,4
24,39,1,1
24,68,0,8
24,80,6,1
24,27,0,6
24,88,1,0
24,10,0,12
24,32,1,2
24,95,2,0
24,75,1,1
24,61,0,11
24,60,0,21
24,3,3,2
24,36,2,0
24,24,1,12
24,79,4,2
24,57,3,0
24,76,0,5
24,0,0,1
24,89,0,7
24,12,0,7
24,14,0,6
24,44,6,1
24,17,3,1
24,97,1,2
24,45,4,0
24,20,3,0
24,72,0,7
24,4,1,1
24,34,1,5
24,53,5,1
24,13,0,4
24,91,1,0
24,25,3,0
24,82,0,2
24,96,0,5
24,74,0,7
24,33,0,11
24,58,1,0
24,73,0,2
24,48,0,16
24,37,0,8
24,92,0,3
24,51,2,0
24,29,0,3
24,56,2,3
24,98,0,4
24,64,0,0
24,55,1,0
24,7,0,1
24,86,0,1
24,47,0,5
24,50,0,7
24,6,6,2
24,43,3,1
24,78,0,7
24,69,3,4
24,23,1,1
24,46,0,4
24,99,1,23
24,19,1,0
24,31,0,5
24,9,0,0
24,40,3,0
24,90,2,1
24,42,0,0
24,59,0,6
24,66,1,0
24,21,1,0
24,11,0,2
24,26,0,2
24,54,0,6
24,5,0,4
24,52,1,6
24,81,3,2
24,49,0,0
24,70,1,2
24,67,0,8
24,16,1,4
24,65,0,2
25,20,3,0
25,29,0,4
25,77,0,1
25,12,1,8
25,94,0,0
25,23,0,0
25,32,0,0
25,57,4,1
25,22,0,11
25,7,0,2
25,74,1,8
25,54,0,7
25,58,1,1
25,83,0,1
25,64,1,1
25,75,0,0
25,18,0,1
25,10,0,13
25,76,0,6
25,85,0,0
25,27,0,7
25,34,2,6
25,82,0,3
25,61,1,12
25,70,1,0
25,48,0,17
25,65,0,3
25,66,0,0
25,90,1,0
25,72,0,8
25,21,2,0
25,6,6,3
25,9,0,1
25,33,0,12
25,26,0,3
25,79,4,0
25,43,3,2
25,17,3,2
25,63,1,0
25,24,2,13
25,73,1,3
25,35,0,3
25,13,0,5
25,2,2,0
25,31,0,6
25,30,1,2
25,51,2,0
25,41,0,2
25,99,0,0
25,97,1,0
25,45,4,1
25,71,0,5
25,39,1,0
25,60,0,22
25,37,0,9
25,46,0,5
25,95,1,0
25,5,0,5
25,52,0,0
25,42,1,1
25,19,1,0
25,78,1,8
25,1,0,9
25,8,0,9
25,15,3,1
25,53,5,0
25,98,1,5
25,67,0,9
25,59,0,7
25,88,0,0
25,91,2,1
25,4,0,0
25,84,1,3
25,11,0,3
25,40,2,0
25,69,4,5
25,36,1,0
25,87,2,0
25,56,1,0
25,50,0,8
25,81,3,0
25,80,6,2
25,96,1,0
25,16,1,5
25,25,2,0
25,14,0,0
25,93,0,5
25,47,0,6
25,89,1,8
25,0,1,2
25,28,0,9
25,62,0,1
25,86,0,2
25,92,0,4
25,44,5,0
25,38,0,8
25,55,1,0
25,49,1,0
25,68,0,9
25,3,3,3
26,46,0,6
26,6,7,4
26,78,0,0
26,97,1,0
26,41,1,3
26,21,2,0
26,27,0,8
26,28,0,10
26,53,5,1
26,29,1,5
26,39,1,0
26,83,0,2
26,89,0,0
26,18,0,2
26,95,2,1
26,34,2,0
26,4,0,1
26,16,1,0
26,33,1,13
26,19,0,0
26,61,1,0
26,12,1,0
26,22,0,12
26,87,2,0
26,2,2,0
26,68,0,10
26,65,1,4
26,20,2,0
26,31,1,0
26,96,1,0
26,58,0,0
26,92,0,5
26,23,0,1
26,52,0,1
26,86,0,3
26,50,0,9
26,36,1,1
26,14,0,1
26,30,1,0
26,55,1,1
26,7,1,3
26,17,3,3
26,51,2,0
26,10,0,14
26,47,0,7
26,11,1,4
26,44,5,1
26,32,0,1
26,45,3,0
26,91,2,2
26,80,6,3
26,8,0,0
26,72,1,9
26,24,1,0
26,60,1,23
26,62,0,2
26,81,2,0
26,70,1,0
26,49,1,0
26,94,0,1
26,54,0,8
26,9,0,2
26,90,0,0
26,3,3,4
26,43,2,0
26,85,0,1
26,73,2,4
26,59,0,0
26,63,2,0
26,37,0,10
26,35,0,4
26,98,1,6
26,38,0,9
26,25,3,1
26,48,0,18
26,88,0,1
26,77,0,2
26,76,0,0
26,79,3,0
26,0,1,3
26,13,0,6
26,93,0,6
26,64,1,0
26,5,0,6
26,40,2,1
26,1,0,10
26,75,0,1
26,74,0,0
26,69,5,0
26,56,0,0
26,15,2,0
26,42,0,0
26,84,1,0
26,67,0,10
26,26,0,4
26,66,0,1
26,82,0,0
26,71,0,6
26,57,4,2
26,99,0,0
27,81,1,0
27,99,1,1
27,65,0,0
27,66,1,2
27,1,0,11
27,13,0,7
27,27,0,9
27,25,2,0
27,98,0,0
27,5,0,7
27,10,0,15
27,38,0,10
27,82,0,1
27,0,2,4
27,61,2,1
27,64,1,0
27,11,1,0
27,2,2,0
27,52,0,2
27,9,0,3
27,41,1,4
27,62,0,3
27,59,0,1
27,53,5,2
27,80,7,4
27,49,0,0
27,33,1,14
27,90,1,1
27,47,0,8
27,44,7,2
27,58,0,1
27,40,1,0
27,19,0,1
27,71,0,7
27,84,1,0
27,32,0,2
27,68,0,11
27,26,0,5
27,54,0,9
27,18,0,3
27,46,0,7
27,43,1,0
27,50,0,10
27,6,6,0
27,77,1,3
27,16,1,1
27,51,3,0
27,67,1,11
27,89,0,1
27,29,0,0
27,83,0,3
27,85,0,2
27,35,1,5
27,4,0,2
27,31,2,1
27,7,1,0
27,36,1,0
27,96,0,0
27,15,1,0
27,76,0,1
27,57,4,0
27,97,0,0
27,78,1,1
27,23,0,2
27,8,1,1
27,74,0,1
27,24,1,0
27,75,1,2
27,12,0,0
27,72,1,0
27,30,1,0
27,60,1,24
27,28,0,11
27,93,0,7
27,20,2,0
27,94,0,2
27,14,0,0
27,34,3,1
27,88,0,2
27,69,4,0
27,45,3,1
27,91,1,0
27,21,3,1
27,39,1,0
27,42,0,1
27,63,2,0
27,56,0,1
27,87,1,0
27,48,0,19
27,86,0,4
27,55,1,0
27,73,3,5
27,37,0,11
27,79,3,0
27,3,2,0
27,70,0,0
27,92,0,0
27,95,1,0
27,22,0,0
27,17,3,4
28,73,3,0
28,55,1,1
28,17,3,0
28,19,0,2
28,86,0,5
28,74,1,2
28,0,2,0
28,23,0,3
28,2,1,0
28,32,0,3
28,8,0,0
28,93,0,8
28,52,1,3
28,99,0,0
28,18,0,4
28,42,0,2
28,70,0,1
28,56,0,2
28,91,1,1
28,65,0,1
28,90,0,0
28,67,0,0
28,80,6,0
28,78,0,0
28,29,0,1
28,85,0,3
28,33,1,15
28,69,4,1
28,59,0,2
28,28,0,12
28,31,2,2
28,79,3,0
28,88,1,0
28,72,1,0
28,60,0,0
28,76,0,2
28,63,3,1
28,27,0,10
28,61,2,2
28,26,0,6
28,21,2,0
28,20,2,1
28,40,1,1
28,10,0,16
28,41,1,5
28,12,0,1
28,64,2,1
28,39,1,1
28,49,0,1
28,58,1,2
28,5,0,8
28,37,0,12
28,95,1,0
28,83,0,4
28,36,1,0
28,48,0,20
28,38,0,11
28,35,1,6
28,98,0,1
28,92,0,1
28,7,1,1
28,43,1,0
28,71,1,0
28,22,0,1
28,3,1,0
28,6,7,0
28,77,1,4
28,54,0,10
28,16,0,0
28,24,2,0
28,9,0,4
28,30,0,0
28,81,1,1
28,94,0,3
28,89,1,2
28,15,0,0
28,53,6,3
28,62,0,4
28,51,3,1
28,4,0,3
28,44,7,3
28,34,3,2
28,46,0,8
28,13,0,8
28,45,3,0
28,96,0,1
28,47,0,9
28,66,1,0
28,68,1,12
28,87,1,1
28,25,1,0
28,97,0,1
28,11,1,0
28,82,1,0
28,50,0,11
28,84,1,1
28,57,3,0
28,1,0,12
28,14,2,0
28,75,1,3
29,64,1,0
29,4,0,4
29,96,0,2
29,88,0,0
29,76,0,3
29,70,1,2
29,42,0,3
29,15,0,1
29,37,0,13
29,36,0,0
29,71,1,0
29,25,1,1
29,85,0,4
29,26,1,7
29,18,0,5
29,93,0,9
29,27,0,11
29,54,0,11
29,47,1,10
29,28,1,0
29,57,2,0
29,7,2,0
29,2,3,1
29,50,0,12
29,32,0,4
29,10,1,17
29,48,0,21
29,87,0,0
29,59,0,3
29,41,1,0
29,21,2,0
29,91,1,0
29,92,0,0
29,14,2,0
29,39,2,0
29,13,1,9
29,97,0,2
29,49,0,2
29,72,2,1
29,6,6,0
29,51,3,0
29,17,3,1
29,58,1,0
29,55,0,0
29,23,0,4
29,45,3,0
29,89,1,3
29,53,7,0
29,22,0,2
29,8,0,1
29,9,0,5
29,29,0,2
29,95,1,0
29,60,0,1
29,35,1,7
29,56,0,3
29,30,0,1
29,52,1,4
29,62,0,5
29,73,3,1
29,40,0,0
29,66,0,0
29,11,0,0
29,90,0,1
29,65,0,2
29,99,0,1
29,69,4,0
29,0,2,0
29,63,4,2
29,16,0,1
29,83,0,5
29,67,0,1
29,33,1,0
29,44,8,4
29,74,0,0
29,75,1,0
29,34,3,3
29,86,0,6
29,94,0,4
29,82,0,0
29,43,2,1
29,12,0,2
29,61,2,0
29,77,0,0
29,84,0,0
29,31,1,0
29,46,0,9
29,19,0,3
29,3,1,1
29,68,1,0
29,98,0,2
29,24,1,0
29,81,2,0
29,1,0,13
29,38,0,12
29,79,3,1
29,20,2,0
29,78,0,1
29,5,0,9
29,80,6,0
30,42,0,4
30,40,0,1
30,29,0,3
30,89,1,4
30,80,5,0
30,43,2,0
30,63,4,3
30,71,1,0
30,26,0,0
30,68,1,1
30,12,0,3
30,35,2,8
30,95,0,0
30,59,1,4
30,55,0,1
30,99,0,2
30,28,0,0
30,9,0,6
30,74,0,1
30,3,0,0
30,51,3,0
30,32,0,5
30,48,0,22
30,64,0,0
30,53,7,1
30,92,0,1
30,38,0,13
30,21,2,1
30,61,2,1
30,31,0,0
30,94,0,5
30,75,0,0
30,5,1,10
30,7,2,0
30,60,0,2
30,69,4,0
30,22,0,3
30,65,0,3
30,98,0,3
30,45,3,1
30,18,0,6
30,91,1,0
30,78,0,2
30,56,0,4
30,27,0,12
30,97,0,3
30,34,3,0
30,37,1,14
30,17,3,0
30,88,0,1
30,57,2,1
30,19,1,0
30,81,1,0
30,70,1,3
30,85,0,5
30,86,2,7
30,84,0,1
30,54,0,12
30,36,1,1
30,77,2,1
30,52,1,0
30,79,2,0
30,50,0,13
30,4,0,5
30,14,3,0
30,96,0,3
30,49,0,3
30,44,8,0
30,46,0,10
30,10,1,18
30,30,0,2
30,67,0,2
30,39,2,1
30,11,0,1
30,62,0,6
30,1,0,14
30,15,0,2
30,20,2,0
30,87,0,1
30,41,1,0
30,73,3,0
30,25,1,0
30,83,0,6
30,24,2,1
30,66,0,0
30,23,0,5
30,93,0,10
30,16,0,2
30,90,1,2
30,47,1,11
30,33,1,1
30,58,1,1
30,8,0,2
30,6,5,0
30,76,0,4
30,72,2,2
30,13,0,0
30,2,2,0
30,0,2,0
30,82,0,1
31,92,0,2
31,36,0,0
31,64,0,1
31,19,1,0
31,10,1,0
31,25,1,1
31,4,0,6
31,58,0,0
31,68,0,0
31,54,0,13
31,97,0,4
31,57,2,0
31,93,1,11
31,63,3,0
31,84,0,2
31,15,0,3
31,56,0,5
31,41,0,0
31,74,1,2
31,71,0,0
31,85,0,6
31,98,0,4
31,52,0,0
31,49,1,4
31,42,0,5
31,83,0,7
31,22,0,4
31,23,0,6
31,94,0,6
31,7,2,0
31,47,0,0
31,21,3,2
31,40,0,2
31,5,1,11
31,46,0,11
31,28,1,1
31,72,1,0
31,80,6,1
31,81,0,0
31,37,1,15
31,82,0,2
31,26,2,0
31,6,5,0
31,1,1,15
31,73,4,0
31,88,1,2
31,29,0,4
31,51,2,0
31,12,0,4
31,3,0,1
31,11,0,2
31,70,1,4
31,18,0,7
31,38,0,14
31,8,0,3
31,69,5,1
31,86,2,8
31,89,1,5
31,48,0,23
31,31,0,1
31,13,0,1
31,39,2,2
31,66,0,1
31,45,2,0
31,33,0,0
31,20,2,0
31,95,0,1
31,65,0,4
31,61,2,2
31,59,1,0
31,78,0,3
31,9,0,7
31,53,7,2
31,96,0,4
31,67,0,3
31,34,3,1
31,77,2,0
31,35,1,0
31,30,1,3
31,75,0,1
31,44,8,0
31,43,2,1
31,90,2,3
31,2,1,0
31,87,0,2
31,14,3,0
31,32,0,6
31,27,0,13
31,62,0,7
31,17,3,0
31,55,0,2
31,99,0,3
31,0,2,1
31,24,3,2
31,91,2,0
31,79,1,0
31,50,0,14
31,60,0,3
31,16,0,3
31,76,0,5
32,20,2,1
32,7,1,0
32,37,1,0
32,97,0,5
32,55,0,3
32,41,0,1
32,36,0,1
32,6,5,1
32,65,0,5
32,19,2,1
32,80,6,0
32,35,0,0
32,62,0,8
32,99,1,4
32,82,0,3
32,67,0,4
32,73,4,1
32,45,1,0
32,74,1,0
32,30,1,0
32,76,0,6
32,56,0,6
32,46,0,12
32,66,0,2
32,21,3,0
32,88,1,3
32,61,1,0
32,94,1,7
32,58,0,1
32,64,0,2
32,12,0,5
32,32,0,7
32,95,0,2
32,71,0,1
32,15,0,4
32,9,0,8
32,79,0,0
32,81,0,1
32,69,6,2
32,92,1,3
32,25,1,2
32,68,1,1
32,63,2,0
32,57,2,0
32,51,2,0
32,23,0,7
32,93,0,0
32,42,0,6
32,34,3,2
32,3,0,2
32,60,0,4
32,83,0,8
32,0,1,0
32,10,0,0
32,75,0,2
32,50,0,15
32,40,0,3
32,33,0,1
32,89,1,6
32,96,0,5
32,85,1,7
32,8,1,4
32,86,2,0
32,90,2,0
32,48,0,24
32,13,1,2
32,16,0,4
32,91,1,0
32,28,1,2
32,98,0,5
32,54,0,14
32,52,1,1
32,72,1,0
32,22,0,5
32,53,7,3
32,1,1,0
32,29,0,5
32,17,2,0
32,70,0,0
32,84,1,3
32,39,1,0
32,87,1,0
32,43,2,2
32,5,1,12
32,49,1,5
32,31,0,2
32,27,0,14
32,11,0,3
32,44,7,0
32,77,2,0
32,59,1,0
32,38,0,15
32,24,4,3
32,4,0,7
32,14,3,0
32,26,2,1
32,18,0,8
32,78,0,4
32,2,2,1
32,47,0,1
33,41,0,2
33,6,5,2
33,5,1,13
33,12,0,6
33,33,0,2
33,14,4,1
33,80,6,1
33,65,1,6
33,94,0,0
33,73,4,0
33,51,1,0
33,16,0,5
33,1,0,0
33,74,2,1
33,50,0,16
33,28,1,0
33,57,2,1
33,13,0,0
33,38,0,16
33,62,0,9
33,99,2,5
33,24,4,4
33,76,1,7
33,15,1,5
33,10,0,1
33,78,0,5
33,44,7,1
33,54,0,15
33,52,2,2
33,25,1,0
33,21,3,1
33,47,0,2
33,45,1,0
33,61,0,0
33,7,1,1
33,53,6,0
33,36,0,2
33,40,0,4
33,91,1,0
33,64,0,3
33,81,0,2
33,42,0,7
33,67,0,5
33,3,0,3
33,22,0,6
33,86,2,0
33,55,0,4
33,87,2,1
33,37,0,0
33,93,0,1
33,69,6,0
33,71,0,2
33,89,1,0
33,97,0,6
33,20,1,0
33,82,0,4
33,84,1,0
33,63,1,0
33,72,1,0
33,85,1,0
33,46,0,13
33,49,0,0
33,43,2,3
33,30,0,0
33,35,0,1
33,29,0,6
33,66,0,3
33,8,1,0
33,48,0,25
33,79,1,1
33,96,0,6
33,4,0,8
33,95,1,3
33,83,0,9
33,88,1,0
33,9,0,9
33,68,0,0
33,98,0,6
33,26,1,0
33,19,2,0
33,27,0,15
33,60,0,5
33,0,1,0
33,58,0,2
33,70,0,1
33,32,0,8
33,75,0,3
33,2,3,2
33,59,1,1
33,18,0,0
33,56,0,7
33,31,0,3
33,77,2,1
33,23,0,8
33,92,1,4
33,11,0,4
33,34,4,3
33,39,2,0
33,90,2,1
33,17,2,0
34,49,0,1
34,80,6,2
34,89,1,1
34,32,0,9
34,41,0,3
34,13,1,1
34,10,0,2
34,82,0,5
34,15,2,0
34,85,0,0
34,51,1,1
34,78,1,6
34,28,2,1
34,65,2,7
34,9,0,10
34,33,0,3
34,70,0,2
34,17,1,0
34,30,1,1
34,84,2,0
34,93,0,2
34,14,3,0
34,81,0,3
34,38,0,17
34,94,0,1
34,7,1,0
34,6,5,3
34,69,5,0
34,64,0,4
34,72,0,0
34,40,0,5
34,55,0,5
34,43,2,4
34,77,1,0
34,88,1,0
34,36,0,3
34,66,0,0
34,39,1,0
34,46,0,14
34,74,1,0
34,12,0,7
34,37,2,1
34,25,1,0
34,83,2,0
34,57,1,0
34,42,0,8
34,8,0,0
34,79,1,2
34,5,1,14
34,96,0,7
34,11,0,5
34,92,1,0
34,34,3,0
34,63,1,1
34,68,0,1
34,86,1,0
34,27,0,16
34,24,4,5
34,18,0,1
34,97,0,7
34,47,0,3
34,2,2,0
34,16,0,6
34,91,1,1
34,19,1,0
34,98,0,7
34,67,0,0
34,44,6,0
34,45,1,0
34,22,0,7
34,87,2,2
34,4,0,9
34,21,3,2
34,75,0,4
34,48,0,0
34,56,0,8
34,90,2,0
34,76,1,0
34,0,0,0
34,54,0,16
34,26,2,1
34,52,2,0
34,35,0,2
34,73,5,1
34,31,0,4
34,99,2,6
34,95,1,4
34,61,1,0
34,58,0,3
34,23,0,9
34,20,1,1
34,29,0,7
34,3,0,4
34,62,0,10
34,50,1,17
34,71,0,3
34,59,1,2
34,53,6,0
34,60,1,0
34,1,0,1
35,23,1,10
35,58,0,4
35,30,1,2
35,94,1,2
35,79,0,0
35,33,0,4
35,56,0,9
35,3,0,5
35,34,2,0
35,22,0,8
35,64,0,5
35,50,1,18
35,45,1,1
35,90,1,0
35,69,4,0
35,80,7,3
35,17,1,1
35,91,1,0
35,59,1,0
35,85,0,1
35,42,1,9
35,73,4,0
35,93,0,3
35,74,0,0
35,26,2,0
35,82,0,6
35,71,1,4
35,81,0,4
35,95,1,5
35,52,2,0
35,47,0,4
35,25,0,0
35,68,0,2
35,88,0,0
35,38,0,18
35,49,0,2
35,13,2,2
35,62,0,11
35,96,0,8
35,7,1,1
35,24,4,0
35,83,1,0
35,18,0,2
35,9,0,11
35,40,0,6
35,31,0,5
35,76,2,1
35,28,1,0
35,20,1,0
35,61,1,0
35,72,0,1
35,15,2,0
35,29,0,8
35,41,1,4
35,14,2,0
35,2,1,0
35,8,0,1
35,46,0,15
35,51,1,0
35,36,1,4
35,12,0,8
35,16,1,7
35,54,0,17
35,53,6,1
35,97,0,8
35,43,2,5
35,1,0,2
35,57,1,1
35,37,2,0
35,39,1,0
35,77,1,1
35,55,0,6
35,70,0,3
35,65,2,8
35,5,1,0
35,35,0,3
35,87,2,0
35,11,0,6
35,21,3,3
35,98,0,8
35,48,0,1
35,27,0,17
35,6,4,0
35,44,5,0
35,32,0,10
35,0,0,1
35,78,1,7
35,67,2,0
35,19,1,0
35,63,2,2
35,99,3,0
35,66,0,0
35,89,1,2
35,4,1,0
35,84,1,0
35,92,0,0
35,86,2,0
35,60,1,1
35,75,0,5
35,10,0,0
36,9,0,12
36,6,3,0
36,53,5,0
36,34,2,0
36,10,0,1
36,45,2,2
36,74,1,1
36,64,0,6
36,0,0,2
36,73,3,0
36,75,1,6
36,57,1,2
36,35,1,4
36,96,0,9
36,20,0,0
36,50,2,19
36,29,0,9
36,33,0,5
36,30,1,3
36,7,1,2
36,3,0,6
36,68,0,3
36,49,0,3
36,61,1,0
36,40,1,7
36,51,1,1
36,27,0,18
36,90,1,0
36,87,1,0
36,82,0,7
36,97,1,9
36,67,1,0
36,11,0,7
36,25,0,1
36,38,0,19
36,59,0,0
36,32,0,11
36,65,1,0
36,77,0,0
36,15,2,1
36,4,1,1
36,92,0,0
36,54,1,18
36,72,0,2
36,8,0,2
36,79,0,1
36,84,1,1
36,56,0,10
36,31,1,6
36,24,4,0
36,98,0,9
36,16,1,0
36,60,1,2
36,5,0,0
36,21,3,4
36,44,4,0
36,14,3,1
36,36,0,0
36,1,0,3
36,2,1,0
36,19,2,0
36,26,3,1
36,78,1,8
36,93,0,4
36,99,3,0
36,28,1,0
36,69,3,0
36,91,0,0
36,94,1,0
36,17,1,2
36,39,1,0
36,46,1,16
36,37,3,0
36,89,0,0
36,95,1,0
36,88,0,1
36,42,0,0
36,80,7,0
36,86,2,0
36,76,1,0
36,83,1,1
36,47,0,5
36,48,0,2
36,81,0,0
36,23,2,0
36,85,1,2
36,22,1,9
36,55,0,7
36,71,2,5
36,52,1,0
36,43,3,0
36,12,0,9
36,63,1,0
36,41,1,5
36,66,0,1
36,62,0,12
36,13,2,3
36,70,0,0
36,58,0,5
36,18,0,3
37,85,1,0
37,18,0,4
37,51,0,0
37,63,1,0
37,9,0,13
37,95,0,0
37,98,0,10
37,83,1,2
37,38,0,20
37,35,1,0
37,26,3,2
37,32,1,12
37,30,1,4
37,81,0,1
37,17,1,3
37,53,5,1
37,84,1,0
37,80,6,0
37,3,0,7
37,89,0,1
37,5,0,1
37,40,1,0
37,65,1,1
37,96,1,10
37,90,1,0
37,55,0,8
37,4,0,0
37,59,1,1
37,23,2,0
37,2,1,0
37,0,0,3
37,79,0,2
37,88,0,2
37,49,0,4
37,58,0,6
37,48,0,3
37,24,4,0
37,13,1,0
37,39,0,0
37,31,1,7
37,60,1,3
37,97,0,0
37,75,1,7
37,42,1,1
37,34,1,0
37,29,0,10
37,72,0,3
37,1,1,0
37,67,1,1
37,78,1,9
37,43,3,1
37,28,0,0
37,92,0,1
37,74,1,2
37,66,0,2
37,46,1,17
37,44,3,0
37,50,3,20
37,62,0,13
37,15,1,0
37,33,0,6
37,68,0,4
37,73,3,1
37,91,1,1
37,22,2,10
37,94,1,0
37,52,0,0
37,54,1,19
37,16,1,1
37,61,0,0
37,6,4,1
37,11,0,8
37,7,0,0
37,12,0,10
37,99,5,0
37,71,2,6
37,8,0,3
37,76,0,0
37,10,0,2
37,47,0,6
37,14,3,2
37,37,3,0
37,56,0,11
37,70,0,1
37,69,3,0
37,77,0,1
37,41,2,6
37,36,0,1
37,87,1,1
37,57,1,0
37,64,0,7
37,27,1,19
37,82,0,0
37,21,3,5
37,45,2,0
37,93,0,5
37,20,0,1
37,19,3,1
37,86,3,0
37,25,0,0
38,91,1,0
38,50,3,0
38,94,0,0
38,37,3,1
38,55,2,9
38,31,1,0
38,19,2,0
38,36,0,2
38,38,0,21
38,82,0,1
38,52,0,1
38,89,0,2
38,33,0,7
38,67,1,2
38,22,1,0
38,35,0,0
38,7,1,1
38,45,2,0
38,15,0,0
38,11,0,9
38,72,0,4
38,48,0,4
38,61,0,1
38,43,3,0
38,44,3,1
38,23,1,0
38,8,1,4
38,29,0,11
38,54,2,0
38,58,1,7
38,53,4,0
38,46,0,0
38,12,1,11
38,79,0,3
38,1,0,0
38,81,1,0
38,32,1,0
38,24,4,0
38,87,1,2
38,14,4,0
38,73,3,0
38,17,0,0
38,10,1,3
38,47,0,7
38,40,1,1
38,83,1,0
38,5,0,2
38,98,0,11
38,4,0,1
38,41,2,7
38,63,1,0
38,49,1,5
38,34,0,0
38,97,0,1
38,99,5,0
38,59,1,0
38,75,1,8
38,26,3,0
38,80,6,0
38,39,0,1
38,84,0,0
38,92,0,2
38,95,0,1
38,78,2,0
38,57,1,0
38,21,3,6
38,9,0,14
38,62,0,14
38,74,0,0
38,69,2,0
38,28,0,1
38,70,0,2
38,6,3,0
38,13,2,1
38,86,3,1
38,25,0,1
38,71,2,7
38,20,0,2
38,68,0,5
38,90,1,0
38,42,0,0
38,56,0,12
38,76,0,1
38,27,1,0
38,16,1,0
38,0,0,0
38,96,1,0
38,51,0,1
38,93,1,6
38,66,0,3
38,3,1,8
38,88,0,3
38,2,1,0
38,77,0,2
38,30,1,5
38,65,1,2
38,64,0,8
38,60,1,4
38,85,1,1
38,18,1,0
39,16,0,0
39,39,1,2
39,0,0,1
39,2,0,0
39,69,1,0
39,62,0,15
39,10,1,0
39,54,3,1
39,41,2,8
39,49,2,0
39,47,1,8
39,6,3,0
39,48,0,5
39,44,3,2
39,93,1,7
39,53,5,0
39,27,0,0
39,31,0,0
39,71,1,0
39,86,2,0
39,1,0,1
39,20,0,3
39,45,2,1
39,11,0,10
39,80,7,1
39,70,0,3
39,83,1,0
39,59,2,0
39,32,2,1
39,29,0,12
39,9,0,15
39,68,0,6
39,21,3,7
39,52,1,2
39,57,1,0
39,35,0,1
39,94,0,1
39,66,0,4
39,88,0,4
39,90,2,1
39,97,0,2
39,98,0,12
39,33,0,8
39,81,1,0
39,77,0,3
39,43,3,1
39,65,1,3
39,76,0,2
39,79,0,4
39,72,0,5
39,36,0,3
39,95,0,2
39,22,0,0
39,42,0,1
39,4,1,2
39,7,0,0
39,17,0,1
39,92,1,3
39,25,0,2
39,78,1,0
39,18,1,0
39,99,4,0
39,84,0,1
39,67,0,0
39,40,1,2
39,15,0,1
39,85,0,0
39,56,0,13
39,64,0,9
39,12,0,0
39,96,1,0
39,51,0,2
39,50,2,0
39,13,2,0
39,82,0,2
39,3,1,0
39,5,2,3
39,37,3,0
39,73,4,0
39,60,1,5
39,74,1,1
39,55,2,0
39,30,2,6
39,23,1,1
39,28,0,0
39,91,2,0
39,19,2,0
39,89,0,3
39,87,1,0
39,38,0,22
39,46,0,1
39,63,1,1
39,58,1,8
39,34,0,1
39,24,3,0
39,26,2,0
39,8,1,5
39,75,0,0
39,14,4,1
39,61,0,2
40,28,0,1
40,13,2,0
40,61,0,3
40,90,2,2
40,74,0,0
40,46,1,2
40,86,1,0
40,47,1,9
40,92,0,0
40,81,1,1
40,64,0,10
40,91,1,0
40,50,2,0
40,56,0,14
40,55,2,0
40,66,0,5
40,19,2,1
40,44,4,0
40,26,2,1
40,5,2,0
40,3,1,0
40,78,0,0
40,36,0,4
40,68,0,7
40,84,0,2
40,83,2,1
40,82,0,3
40,87,0,0
40,57,0,0
40,96,0,0
40,15,0,2
40,35,0,2
40,22,1,1
40,65,1,4
40,52,1,3
40,38,0,23
40,51,0,3
40,8,1,6
40,59,3,0
40,60,0,0
40,48,0,6
40,73,4,0
40,9,1,16
40,99,4,0
40,41,2,9
40,94,1,2
40,85,1,0
40,12,0,1
40,42,0,2
40,14,4,2
40,39,1,0
40,95,0,3
40,25,0,3
40,33,0,9
40,2,0,1
40,37,2,0
40,4,1,0
40,0,0,2
40,34,0,2
40,70,0,4
40,80,7,0
40,63,1,0
40,29,0,13
40,31,0,1
40,7,0,1
40,98,0,13
40,77,0,4
40,72,1,6
40,16,0,1
40,89,1,4
40,21,3,8
40,23,1,2
40,43,3,2
40,27,1,1
40,79,0,5
40,40,1,3
40,76,0,3
40,75,0,1
40,49,2,0
40,24,3,1
40,11,1,11
40,67,0,1
40,53,6,1
40,88,0,5
40,54,2,0
40,62,1,16
40,32,1,0
40,6,4,1
40,1,0,2
40,45,1,0
40,10,1,1
40,20,0,0
40,58,1,9
40,69,0,0
40,93,0,0
40,17,0,2
40,30,3,0
40,71,1,0
40,18,0,0
40,97,0,3
41,30,4,1
41,18,1,1
41,35,0,3
41,22,1,0
41,90,1,0
41,8,1,0
41,68,0,8
41,37,3,1
41,91,1,1
41,57,0,1
41,97,0,4
41,71,0,0
41,67,0,2
41,50,2,1
41,77,1,5
41,49,1,0
41,21,3,9
41,29,0,14
41,0,0,3
41,23,1,0
41,25,0,4
41,9,1,0
41,19,2,0
41,85,1,1
41,2,0,2
41,31,0,2
41,88,0,6
41,36,0,5
41,79,0,6
41,96,0,1
41,87,0,1
41,5,2,1
41,86,0,0
41,40,1,4
41,12,0,2
41,11,1,12
41,70,1,5
41,47,0,0
41,99,3,0
41,54,2,0
41,43,3,3
41,6,3,0
41,65,1,0
41,93,0,1
41,46,0,0
41,74,0,1
41,64,0,11
41,16,0,2
41,44,3,0
41,41,2,0
41,4,1,1
41,98,0,14
41,73,3,0
41,80,7,1
41,51,0,4
41,1,1,3
41,55,1,0
41,81,1,0
41,39,1,0
41,83,2,2
41,20,0,1
41,62,1,17
41,59,3,1
41,58,1,0
41,28,0,2
41,45,1,1
41,72,2,7
41,34,0,3
41,10,0,0
41,27,0,0
41,33,0,10
41,26,2,0
41,48,0,7
41,95,0,4
41,75,0,2
41,60,0,1
41,7,1,2
41,13,2,0
41,53,6,0
41,15,0,3
41,38,0,24
41,89,1,5
41,82,1,4
41,56,0,15
41,94,0,0
41,3,1,1
41,32,0,0
41,61,0,4
41,76,0,4
41,63,0,0
41,14,5,3
41,17,0,3
41,66,0,6
41,84,1,3
41,92,0,1
41,52,2,4
41,42,0,3
41,69,2,0
41,78,1,0
41,24,4,0
42,75,0,3
42,32,0,1
42,74,0,2
42,31,0,3
42,63,0,1
42,52,2,0
42,26,2,1
42,59,2,0
42,54,2,0
42,42,0,4
42,47,0,1
42,96,0,2
42,11,0,0
42,8,1,0
42,43,3,4
42,98,0,15
42,24,4,1
42,56,0,16
42,50,1,0
42,81,0,0
42,37,3,2
42,80,6,0
42,14,4,0
42,86,0,1
42,79,1,0
42,12,0,3
42,35,0,4
42,90,0,0
42,2,0,3
42,6,3,0
42,20,0,2
42,0,0,4
42,68,0,9
42,83,2,0
42,77,1,0
42,23,0,0
42,61,0,5
42,9,1,1
42,44,3,1
42,91,1,0
42,62,2,18
42,55,2,1
42,10,0,1
42,40,0,0
42,21,3,10
42,17,0,4
42,7,0,0
42,41,2,1
42,51,0,5
42,18,1,2
42,1,0,0
42,48,0,8
42,22,1,1
42,87,1,0
42,27,1,1
42,38,0,25
42,58,2,1
42,82,1,0
42,16,0,3
42,60,0,2
42,95,0,5
42,13,2,0
42,84,2,4
42,89,1,6
42,73,3,1
42,53,6,1
42,71,0,1
42,70,1,0
42,25,1,0
42,76,0,5
42,36,0,6
42,69,2,1
42,29,0,15
42,72,3,8
42,3,1,2
42,93,0,2
42,46,0,1
42,65,1,0
42,67,0,3
42,45,1,2
42,94,0,1
42,64,0,12
42,92,0,2
42,99,3,1
42,97,0,5
42,19,1,0
42,78,1,1
42,39,0,0
42,57,1,2
42,15,0,4
42,5,3,2
42,33,0,11
42,30,4,0
42,66,0,7
42,34,1,0
42,28,0,0
42,85,1,2
42,88,1,7
42,49,1,1
42,4,1,0
43,42,0,5
43,33,0,12
43,0,0,5
43,45,0,0
43,86,1,2
43,73,3,0
43,51,0,6
43,18,0,0
43,99,2,0
43,50,1,1
43,70,0,0
43,21,3,11
43,46,0,2
43,16,0,4
43,56,0,17
43,90,0,1
43,67,0,4
43,6,4,1
43,48,0,9
43,43,3,5
43,62,3,19
43,26,2,0
43,72,3,9
43,89,2,0
43,11,0,1
43,17,0,5
43,97,0,6
43,4,0,0
43,76,0,6
43,54,3,1
43,28,0,1
43,7,0,1
43,78,0,0
43,85,1,0
43,59,2,0
43,9,1,0
43,2,0,4
43,88,1,0
43,27,1,0
43,40,0,1
43,65,1,0
43,79,1,1
43,83,2,0
43,61,1,6
43,77,1,1
43,71,0,2
43,15,0,5
43,96,0,3
43,36,0,7
43,95,0,6
43,52,2,1
43,74,1,3
43,91,2,0
43,20,0,3
43,93,0,3
43,94,0,2
43,12,0,4
43,24,3,0
43,13,2,1
43,55,3,2
43,49,0,0
43,34,1,1
43,30,4,1
43,37,3,0
43,22,1,0
43,39,0,1
43,84,1,0
43,75,0,4
43,98,0,16
43,68,0,10
43,92,1,3
43,82,1,1
43,32,0,2
43,66,0,8
43,69,1,0
43,8,1,0
43,38,0,26
43,25,0,0
43,41,2,0
43,58,2,2
43,47,0,2
43,57,0,0
43,5,3,3
43,29,0,16
43,31,0,4
43,53,7,0
43,19,1,1
43,35,0,5
43,14,4,0
43,80,5,0
43,3,2,3
43,44,3,2
43,63,0,2
43,10,0,2
43,81,1,1
43,87,1,1
43,64,0,13
43,1,0,1
43,60,0,3
43,23,0,0
44,87,1,2
44,59,1,0
44,88,1,0
44,40,0,2
44,61,1,7
44,65,1,1
44,66,0,9
44,90,0,2
44,91,1,0
44,79,2,2
44,81,1,0
44,76,0,7
44,62,2,0
44,52,1,0
44,82,1,2
44,72,3,10
44,58,2,0
44,68,1,11
44,11,1,2
44,93,0,4
44,94,0,0
44,28,0,2
44,85,1,0
44,50,0,0
44,13,2,0
44,64,1,14
44,19,1,2
44,70,0,1
44,0,0,6
44,97,0,7
44,95,0,7
44,9,2,1
44,78,0,1
44,25,0,1
44,48,2,10
44,39,0,2
44,5,3,0
44,2,0,5
44,99,2,1
44,12,0,5
44,75,0,5
44,33,0,13
44,7,0,2
44,38,1,27
44,37,2,0
44,71,0,3
44,80,4,0
44,20,0,4
44,1,0,2
44,86,1,3
44,77,0,0
44,54,3,2
44,84,1,0
44,26,2,0
44,53,7,1
44,44,3,3
44,89,2,0
44,15,0,6
44,45,0,1
44,69,2,1
44,17,0,6
44,60,0,4
44,21,3,0
44,46,0,3
44,47,0,3
44,67,0,5
44,41,2,1
44,27,1,1
44,31,0,5
44,73,3,0
44,6,3,0
44,23,0,1
44,8,0,0
44,16,0,5
44,42,1,6
44,83,1,0
44,96,0,4
44,98,0,17
44,92,0,0
44,30,3,0
44,22,1,0
44,4,0,1
44,24,3,0
44,35,1,6
44,29,0,17
44,49,0,1
44,14,4,0
44,36,0,8
44,57,1,0
44,63,0,3
44,43,4,6
44,55,3,3
44,74,1,0
44,56,0,18
44,51,0,7
44,34,1,2
44,3,2,4
44,32,0,3
44,10,0,3
44,18,0,1
45,90,0,3
45,70,1,2
45,30,2,0
45,65,1,0
45,28,1,3
45,23,0,2
45,5,3,0
45,74,1,1
45,79,2,3
45,40,0,3
45,39,0,3
45,11,2,0
45,78,0,2
45,69,2,0
45,59,0,0
45,72,3,11
45,76,1,8
45,19,1,3
45,43,5,7
45,48,2,0
45,36,0,9
45,22,1,1
45,37,2,1
45,94,0,1
45,95,0,8
45,35,0,0
45,57,1,1
45,92,0,1
45,61,0,0
45,25,0,2
45,80,4,0
45,10,0,4
45,27,2,0
45,3,1,0
45,21,3,1
45,82,1,3
45,60,0,0
45,83,1,0
45,67,0,6
45,66,0,10
45,58,1,0
45,73,4,1
45,53,6,0
45,34,0,0
45,18,1,2
45,85,1,1
45,46,0,4
45,87,1,3
45,49,0,2
45,16,0,6
45,26,2,0
45,68,1,12
45,42,0,0
45,44,3,4
45,14,4,1
45,45,0,2
45,2,0,6
45,17,0,7
45,91,0,0
45,64,1,0
45,47,0,4
45,9,2,0
45,51,0,8
45,84,0,0
45,56,1,0
45,97,0,8
45,32,0,4
45,93,0,5
45,62,2,1
45,7,1,3
45,38,1,28
45,20,0,5
45,77,0,1
45,0,0,7
45,33,0,14
45,12,0,6
45,55,4,4
45,29,0,18
45,8,0,1
45,88,1,1
45,1,0,3
45,75,0,6
45,98,1,18
45,31,0,6
45,71,0,4
45,52,1,1
45,99,3,0
45,54,2,0
45,13,3,1
45,86,0,0
45,4,2,2
45,6,2,0
45,24,3,0
45,41,1,0
45,15,0,7
45,89,1,0
45,50,0,1
45,96,0,5
45,63,0,0
45,81,1,0
46,89,0,0
46,13,3,2
46,54,3,1
46,47,0,5
46,25,0,3
46,19,1,0
46,77,0,2
46,0,0,8
46,59,0,1
46,63,0,1
46,82,1,0
46,73,3,0
46,96,0,6
46,58,1,1
46,27,1,0
46,62,3,0
46,24,2,0
46,61,0,1
46,48,1,0
46,44,2,0
46,43,4,0
46,86,0,1
46,29,0,19
46,33,0,15
46,3,2,0
46,23,0,3
46,68,2,13
46,53,6,0
46,93,0,6
46,76,2,0
46,66,0,11
46,18,1,3
46,81,2,0
46,50,0,2
46,26,1,0
46,30,2,0
46,97,0,9
46,79,1,0
46,10,0,5
46,85,0,0
46,65,1,0
46,99,3,0
46,15,1,8
46,8,1,2
46,95,0,9
46,32,0,5
46,39,0,4
46,91,0,1
46,12,0,7
46,11,1,0
46,49,0,3
46,90,0,4
46,36,1,10
46,72,3,12
46,35,0,1
46,4,2,0
46,56,1,0
46,1,0,4
46,5,4,0
46,17,0,8
46,60,0,1
46,2,0,0
46,98,0,0
46,6,1,0
46,9,1,0
46,94,0,2
46,46,1,5
46,70,1,0
46,64,1,1
46,31,0,7
46,52,1,2
46,28,2,0
46,37,2,2
46,67,0,7
46,14,4,2
46,69,2,0
46,34,0,1
46,57,1,0
46,84,0,1
46,45,0,3
46,40,0,4
46,88,1,2
46,42,0,0
46,20,0,6
46,38,1,0
46,55,4,0
46,21,3,2
46,74,2,2
46,51,0,9
46,22,2,0
46,71,0,5
46,7,1,0
46,80,4,1
46,41,1,1
46,87,1,0
46,83,1,0
46,92,0,2
46,75,0,7
46,78,0,3
46,16,0,7
47,50,1,3
47,87,1,1
47,67,0,8
47,71,0,6
47,49,1,4
47,55,6,1
47,4,1,0
47,52,1,3
47,32,0,6
47,65,1,0
47,19,2,0
47,13,3,0
47,76,2,1
47,39,0,5
47,96,0,7
47,43,3,0
47,62,2,0
47,79,1,0
47,42,0,1
47,77,0,3
47,84,0,2
47,48,1,1
47,70,1,1
47,91,0,2
47,90,0,5
47,27,1,0
47,3,2,1
47,58,1,0
47,14,5,0
47,89,0,1
47,31,0,8
47,93,0,7
47,56,1,1
47,59,0,2
47,47,0,6
47,99,2,0
47,61,0,2
47,60,0,2
47,26,0,0
47,73,4,1
47,40,0,5
47,88,1,3
47,10,0,6
47,9,1,0
47,2,0,1
47,21,3,0
47,83,0,0
47,86,0,2
47,66,0,12
47,75,0,8
47,36,2,0
47,33,0,16
47,54,2,0
47,0,0,0
47,68,2,0
47,7,0,0
47,34,0,2
47,18,0,0
47,16,0,8
47,6,1,0
47,29,0,20
47,28,3,1
47,95,0,10
47,20,2,7
47,15,0,0
47,81,2,1
47,24,2,0
47,22,1,0
47,11,1,1
47,30,1,0
47,45,0,4
47,1,0,5
47,25,0,4
47,92,0,3
47,74,3,3
47,72,4,13
47,53,6,1
47,57,1,1
47,97,0,10
47,85,0,1
47,8,1,3
47,37,3,0
47,38,1,0
47,78,0,4
47,82,0,0
47,94,0,3
47,35,0,2
47,80,3,0
47,64,0,0
47,12,0,8
47,44,2,0
47,23,0,4
47,41,1,2
47,63,0,2
47,51,0,10
47,98,0,1
47,5,4,0
47,69,2,1
47,17,1,9
47,46,1,0
48,10,0,7
48,50,0,0
48,14,4,0
48,70,1,0
48,93,0,8
48,3,2,2
48,24,2,1
48,39,0,6
48,62,2,0
48,47,0,7
48,98,0,2
48,44,2,1
48,41,0,0
48,13,3,1
48,29,0,21
48,2,0,2
48,4,1,0
48,28,3,2
48,51,0,11
48,43,2,0
48,59,0,3
48,11,1,2
48,49,1,5
48,38,0,0
48,58,1,1
48,55,6,0
48,96,0,8
48,90,0,6
48,74,4,0
48,82,0,1
48,52,1,0
48,66,0,13
48,67,0,9
48,22,1,1
48,30,1,0
48,87,0,0
48,63,0,3
48,75,0,9
48,20,2,8
48,95,0,11
48,8,1,0
48,7,0,1
48,86,0,0
48,6,0,0
48,65,1,1
48,21,3,1
48,40,0,6
48,54,3,0
48,79,1,1
48,18,0,1
48,73,5,2
48,32,0,7
48,77,1,4
48,89,0,2
48,57,0,0
48,99,2,1
48,15,0,1
48,46,1,0
48,78,0,5
48,64,0,1
48,88,1,4
48,19,3,0
48,16,0,9
48,9,1,0
48,80,2,0
48,83,0,1
48,36,2,0
48,17,2,10
48,23,0,5
48,0,0,1
48,1,1,6
48,27,1,0
48,31,0,9
48,34,0,3
48,69,3,2
48,71,0,7
48,33,0,17
48,25,0,5
48,76,3,2
48,26,0,1
48,37,2,0
48,61,1,3
48,92,0,4
48,60,0,3
48,97,0,11
48,5,3,0
48,68,3,1
48,42,0,2
48,72,4,14
48,56,1,0
48,53,5,0
48,81,3,2
48,35,0,3
48,84,0,3
48,94,0,4
48,12,0,9
48,91,0,3
48,48,1,0
48,85,0,2
48,45,0,5
49,48,1,1
49,97,1,12
49,27,1,1
49,7,0,2
49,77,2,0
49,40,0,7
49,34,0,4
49,55,5,0
49,28,3,3
49,79,1,2
49,22,1,2
49,45,0,6
49,92,0,5
49,50,0,1
49,59,0,4
49,53,5,0
49,99,2,2
49,88,2,5
49,93,1,9
49,65,1,0
49,54,3,1
49,14,3,0
49,20,1,0
49,11,2,3
49,21,4,0
49,68,2,0
49,60,0,4
49,39,0,7
49,82,0,2
49,18,1,2
49,5,3,0
49,72,4,0
49,41,1,1
49,46,1,1
49,42,0,3
49,25,0,6
49,3,2,3
49,61,0,0
49,49,0,0
49,38,0,1
49,98,0,3
49,26,0,2
49,2,0,3
49,56,0,0
49,47,1,8
49,71,0,8
49,17,3,0
49,63,0,4
49,95,0,12
49,78,0,6
49,36,2,1
49,35,0,4
49,70,2,0
49,64,0,2
49,15,0,2
49,9,0,0
49,0,0,2
49,75,0,10
49,73,4,0
49,23,0,6
49,74,3,0
49,84,1,0
49,96,2,0
49,85,0,3
49,19,3,0
49,52,1,1
49,32,0,8
49,6,0,1
49,83,0,2
49,44,2,0
49,90,0,7
49,4,0,0
49,86,0,1
49,89,0,3
49,62,1,0
49,43,2,0
49,24,2,0
49,67,0,10
49,1,1,0
49,76,2,0
49,16,0,10
49,37,2,0
49,10,0,8
49,30,0,0
49,94,0,5
49,81,3,3
49,80,2,1
49,57,0,1
49,13,3,0
49,33,0,18
49,51,0,12
49,29,0,0
49,66,0,14
49,91,0,4
49,31,0,0
49,12,0,10
49,58,2,0
49,69,3,3
49,8,0,0
49,87,0,1
50,2,0,4
50,13,3,1
50,76,2,0
50,65,1,0
50,56,0,1
50,97,0,0
50,43,3,0
50,70,2,1
50,39,0,8
50,48,1,2
50,68,1,0
50,33,0,19
50,72,4,0
50,8,0,1
50,15,0,3
50,11,2,4
50,3,2,4
50,7,0,3
50,18,1,0
50,31,0,1
50,4,0,1
50,85,0,4
50,29,0,1
50,16,0,11
50,63,0,5
50,20,1,1
50,64,0,3
50,99,2,3
50,30,0,1
50,45,0,7
50,28,3,0
50,81,3,4
50,10,0,9
50,73,4,0
50,55,6,1
50,69,4,4
50,1,1,0
50,23,0,7
50,42,0,4
50,67,0,11
50,77,2,1
50,22,1,3
50,25,1,0
50,9,0,1
50,38,0,2
50,24,3,1
50,35,0,5
50,62,0,0
50,91,0,5
50,83,0,3
50,34,1,5
50,57,0,2
50,21,3,0
50,32,0,9
50,37,2,0
50,0,0,3
50,17,3,0
50,98,1,4
50,89,0,4
50,71,0,9
50,93,0,0
50,40,0,8
50,96,2,0
50,53,4,0
50,90,0,8
50,52,1,2
50,27,1,0
50,54,4,2
50,47,0,0
50,60,0,5
50,80,2,2
50,58,1,0
50,61,0,1
50,41,1,0
50,59,1,0
50,5,3,1
50,79,1,3
50,66,0,15
50,84,0,0
50,74,4,1
50,87,0,2
50,92,0,6
50,75,0,11
50,36,1,0
50,82,0,3
50,26,0,3
50,51,0,13
50,46,1,2
50,50,1,2
50,86,0,2
50,12,0,11
50,14,2,0
50,88,2,0
50,94,0,6
50,95,0,13
50,78,0,7
50,49,0,1
50,19,3,1
50,44,1,0
50,6,1,0
51,13,3,2
51,58,1,0
51,85,0,5
51,87,0,3
51,21,2,0
51,38,0,3
51,15,0,4
51,7,0,4
51,52,1,0
51,1,2,0
51,84,1,1
51,59,1,0
51,72,4,1
51,49,0,2
51,89,0,5
51,18,1,1
51,79,2,4
51,25,1,1
51,42,0,5
51,17,2,0
51,5,3,0
51,36,0,0
51,9,1,0
51,61,0,2
51,74,4,0
51,45,0,8
51,11,2,0
51,19,3,0
51,56,1,2
51,20,2,0
51,92,0,7
51,83,1,4
51,96,1,0
51,81,3,0
51,80,2,3
51,4,0,2
51,31,0,2
51,41,0,0
51,73,4,0
51,35,0,6
51,33,0,20
51,47,0,1
51,86,0,3
51,68,1,1
51,28,2,0
51,37,3,1
51,6,1,1
51,46,1,3
51,48,0,0
51,53,4,0
51,40,0,9
51,57,0,3
51,91,0,6
51,2,0,5
51,0,0,4
51,32,0,10
51,77,2,0
51,90,0,9
51,26,0,4
51,22,1,0
51,97,0,1
51,55,5,0
51,62,0,1
51,99,2,4
51,44,0,0
51,50,2,3
51,98,2,0
51,93,0,1
51,82,0,4
51,78,0,8
51,8,0,2
51,75,0,12
51,51,0,14
51,76,1,0
51,70,1,0
51,24,2,0
51,16,2,12
51,65,2,0
51,66,0,16
51,12,0,12
51,39,0,9
51,67,0,12
51,34,0,0
51,71,1,10
51,60,0,6
51,94,0,7
51,43,3,0
51,30,0,2
51,88,2,0
51,29,0,2
51,54,3,0
51,10,0,10
51,63,1,6
51,69,4,0
51,64,0,4
51,27,1,1
51,23,0,8
51,95,0,14
51,14,1,0
51,3,2,0
52,99,2,5
52,8,0,3
52,74,4,0
52,79,1,0
52,65,2,0
52,47,1,2
52,34,1,1
52,77,2,0
52,17,1,0
52,80,1,0
52,52,3,0
52,49,1,3
52,12,0,13
52,48,0,1
52,37,3,2
52,31,0,3
52,78,0,9
52,86,0,0
52,55,5,0
52,83,1,5
52,44,0,1
52,85,0,6
52,42,1,6
52,39,1,10
52,35,0,7
52,16,2,13
52,28,2,1
52,58,0,0
52,45,0,0
52,5,3,1
52,60,1,7
52,2,0,6
52,97,0,0
52,63,0,0
52,20,3,0
52,26,0,5
52,3,2,0
52,93,0,2
52,10,0,11
52,98,2,0
52,11,2,1
52,4,1,3
52,38,0,4
52,7,0,5
52,14,0,0
52,90,0,10
52,94,0,8
52,13,3,3
52,75,0,13
52,51,0,15
52,88,2,0
52,84,0,0
52,70,1,1
52,81,4,1
52,40,0,10
52,25,1,2
52,29,0,3
52,19,3,1
52,62,0,2
52,24,1,0
52,9,0,0
52,6,0,0
52,72,4,0
52,50,2,0
52,96,1,0
52,41,0,1
52,21,2,1
52,36,0,1
52,23,0,9
52,27,0,0
52,71,1,0
52,54,3,1
52,30,0,3
52,59,0,0
52,76,1,1
52,32,0,11
52,92,0,8
52,15,2,0
52,64,0,5
52,1,2,0
52,61,0,0
52,22,0,0
52,89,0,6
52,87,1,4
52,95,0,15
52,68,0,0
52,66,0,17
52,18,1,0
52,82,0,5
52,73,4,1
52,91,0,7
52,0,0,5
52,46,1,0
52,56,1,3
52,57,0,4
52,33,0,21
52,53,4,0
52,69,4,1
52,43,3,0
52,67,0,13
53,80,0,0
53,28,1,0
53,30,0,4
53,32,0,12
53,98,1,0
53,0,0,0
53,21,2,0
53,46,2,0
53,35,1,8
53,76,1,2
53,78,0,10
53,81,3,0
53,75,0,14
53,9,0,1
53,33,1,22
53,82,0,6
53,63,0,1
53,87,0,0
53,8,0,4
53,77,2,1
53,69,3,0
53,89,0,7
53,53,3,0
53,29,1,4
53,60,1,0
53,40,0,11
53,2,0,7
53,61,0,1
53,56,1,4
53,43,2,0
53,41,0,2
53,36,1,0
53,71,1,0
53,3,2,0
53,12,0,14
53,54,4,2
53,25,1,0
53,74,4,1
53,14,1,1
53,6,1,1
53,51,0,16
53,90,0,11
53,18,1,1
53,99,3,6
53,38,0,5
53,24,1,0
53,62,0,3
53,79,0,0
53,45,0,1
53,39,0,0
53,95,0,16
53,47,0,0
53,52,3,1
53,37,4,3
53,49,0,0
53,70,1,2
53,5,3,2
53,72,4,0
53,83,0,0
53,11,3,0
53,16,1,0
53,17,0,0
53,97,0,1
53,27,0,1
53,44,0,0
53,94,0,9
53,50,2,1
53,1,1,0
53,42,2,0
53,10,0,12
53,73,4,0
53,64,0,6
53,34,1,2
53,7,0,6
53,26,0,6
53,67,0,14
53,31,0,4
53,15,1,0
53,57,0,5
53,13,4,0
53,88,2,0
53,96,1,1
53,85,0,7
53,92,0,9
53,68,0,1
53,93,0,3
53,20,3,1
53,58,0,1
53,84,0,1
53,23,0,10
53,48,1,0
53,55,5,1
53,4,3,0
53,66,0,18
53,19,3,2
53,22,0,1
53,91,0,8
53,65,2,1
53,59,0,1
53,86,1,0
54,11,2,0
54,91,0,9
54,61,1,2
54,21,2,1
54,43,1,0
54,25,1,0
54,26,0,7
54,31,2,5
54,38,0,6
54,93,0,4
54,67,0,15
54,76,1,0
54,47,0,1
54,71,0,0
54,35,0,0
54,33,1,23
54,66,1,19
54,96,0,0
54,95,0,17
54,36,0,0
54,79,0,1
54,28,2,1
54,29,1,0
54,77,3,2
54,69,3,1
54,90,0,12
54,85,1,8
54,14,0,0
54,6,1,0
54,37,3,0
54,30,0,5
54,72,3,0
54,78,0,11
54,3,2,0
54,82,0,7
54,83,0,1
54,59,0,2
54,70,1,3
54,9,0,2
54,53,3,0
54,54,4,0
54,27,0,2
54,48,0,0
54,52,2,0
54,81,3,1
54,44,0,1
54,63,0,0
54,7,0,7
54,4,4,1
54,92,0,10
54,51,0,17
54,5,3,0
54,42,2,0
54,65,2,2
54,80,0,1
54,41,0,3
54,73,4,1
54,99,2,0
54,8,1,5
54,87,0,1
54,24,0,0
54,16,0,0
54,60,1,0
54,74,4,2
54,32,0,13
54,94,0,10
54,2,0,8
54,55,5,2
54,45,0,2
54,10,1,13
54,40,0,12
54,89,0,8
54,50,1,0
54,97,0,2
54,15,2,1
54,84,1,0
54,17,0,1
54,68,0,2
54,34,2,3
54,1,1,1
54,39,0,1
54,98,1,1
54,75,0,0
54,12,0,15
54,88,2,1
54,86,0,0
54,18,1,0
54,58,0,2
54,0,0,1
54,56,1,0
54,22,0,2
54,23,0,11
54,13,5,0
54,64,0,7
54,62,1,0
54,57,0,6
54,19,3,3
54,20,4,2
54,49,0,1
54,46,2,0
55,8,2,0
55,52,1,0
55,85,1,9
55,23,1,12
55,89,1,9
55,25,0,0
55,92,1,0
55,59,0,3
55,11,2,0
55,14,0,1
55,1,1,2
55,3,3,0
55,12,0,16
55,79,0,2
55,37,3,1
55,10,0,0
55,49,0,2
55,13,5,1
55,33,0,0
55,70,0,0
55,18,1,0
55,87,0,2
55,91,1,10
55,41,0,4
55,22,0,3
55,31,2,0
55,69,3,2
55,2,0,9
55,15,2,0
55,84,0,0
55,81,3,0
55,20,5,0
55,51,0,18
55,73,4,0
55,29,0,0
55,56,1,1
55,43,1,1
55,65,2,0
55,75,0,1
55,5,3,1
55,45,0,3
55,88,1,0
55,97,0,3
55,74,4,3
55,78,1,12
55,7,0,8
55,68,0,3
55,93,0,5
55,90,0,13
55,63,0,1
55,4,4,2
55,99,2,0
55,39,0,2
55,98,0,0
55,83,1,2
55,95,0,18
55,71,0,1
55,76,1,1
55,19,2,0
55,48,0,1
55,6,0,0
55,82,0,8
55,0,0,2
55,30,0,6
55,55,6,3
55,61,0,0
55,96,0,1
55,17,0,2
55,26,1,8
55,67,1,16
55,21,2,2
55,57,1,7
55,47,0,2
55,24,0,0
55,86,0,1
55,77,4,3
55,42,1,0
55,32,0,14
55,34,1,0
55,44,0,2
55,38,0,7
55,66,0,0
55,54,4,0
55,27,1,3
55,58,1,0
55,40,0,13
55,94,0,0
55,46,2,0
55,64,0,8
55,53,3,1
55,72,3,0
55,50,1,0
55,62,1,1
55,35,0,1
55,28,1,0
55,16,0,1
55,60,1,0
55,80,0,2
55,36,0,0
55,9,0,3
56,49,0,3
56,74,4,4
56,67,1,0
56,68,0,4
56,28,0,0
56,7,0,9
56,41,1,5
56,72,3,0
56,17,0,3
56,85,1,0
56,25,0,1
56,29,0,1
56,92,1,0
56,34,2,1
56,97,0,4
56,0,0,3
56,32,0,15
56,11,2,1
56,79,0,3
56,63,0,2
56,58,1,1
56,13,5,2
56,9,0,4
56,2,0,10
56,95,0,19
56,53,3,0
56,91,1,11
56,88,2,0
56,10,0,1
56,12,1,17
56,76,0,0
56,1,2,3
56,6,1,1
56,48,0,2
56,64,0,9
56,22,0,4
56,86,0,2
56,94,0,1
56,59,0,4
56,33,0,1
56,98,0,1
56,50,0,0
56,71,0,2
56,21,2,0
56,42,1,0
56,15,2,0
56,93,0,6
56,89,1,10
56,39,0,3
56,65,2,0
56,44,0,3
56,90,1,14
56,55,6,0
56,14,0,2
56,62,0,0
56,19,2,1
56,82,0,9
56,73,4,1
56,43,1,2
56,75,0,2
56,3,3,0
56,60,1,1
56,20,5,0
56,35,0,2
56,5,2,0
56,37,4,0
56,84,0,1
56,87,0,3
56,38,0,8
56,45,0,4
56,8,1,0
56,4,4,0
56,24,0,1
56,26,1,9
56,57,1,8
56,77,4,0
56,47,0,3
56,66,0,1
56,30,0,7
56,31,3,0
56,56,1,0
56,40,0,14
56,51,0,19
56,99,1,0
56,70,0,1
56,80,0,3
56,36,0,1
56,96,0,2
56,23,0,0
56,46,1,0
56,54,4,1
56,52,1,0
56,69,2,0
56,78,2,13
56,27,1,4
56,83,1,0
56,18,1,0
56,81,3,0
56,61,0,1
56,16,0,2
57,54,3,0
57,6,1,2
57,27,1,0
57,20,5,0
57,16,0,3
57,26,1,10
57,12,1,0
57,5,2,0
57,18,0,0
57,69,1,0
57,25,1,2
57,65,1,0
57,62,0,1
57,36,0,2
57,61,0,2
57,2,0,11
57,14,1,0
57,30,0,8
57,73,4,0
57,56,1,0
57,10,1,2
57,37,4,1
57,53,2,0
57,67,1,0
57,9,0,5
57,76,1,1
57,40,0,15
57,49,0,4
57,4,3,0
57,78,1,0
57,7,0,10
57,58,0,0
57,99,3,1
57,75,0,3
57,55,5,0
57,74,4,0
57,3,4,0
57,32,1,16
57,66,1,2
57,89,1,11
57,64,0,10
57,90,1,15
57,19,2,0
57,71,1,3
57,84,0,2
57,41,1,6
57,17,1,4
57,51,1,20
57,21,3,0
57,87,0,4
57,93,0,7
57,77,3,0
57,95,0,20
57,82,0,10
57,57,1,9
57,85,0,0
57,59,0,5
57,1,1,0
57,92,2,1
57,44,0,4
57,46,0,0
57,86,0,3
57,23,0,1
57,60,0,0
57,0,1,4
57,83,0,0
57,8,1,1
57,70,0,2
57,97,0,5
57,29,0,2
57,50,0,1
57,81,3,1
57,80,0,4
57,22,1,0
57,39,0,4
57,34,2,2
57,52,0,0
57,13,4,0
57,72,3,0
57,15,3,1
57,35,0,3
57,94,1,2
57,28,0,1
57,79,0,4
57,47,0,4
57,63,0,3
57,68,0,5
57,88,2,0
57,31,2,0
57,43,0,0
57,24,0,2
57,96,0,3
57,45,0,5
57,33,0,2
57,48,0,3
57,91,1,12
57,38,1,0
57,98,0,2
57,42,2,1
57,11,1,0
58,12,0,0
58,49,2,5
58,89,0,0
58,54,3,1
58,56,1,0
58,55,4,0
58,9,0,6
58,18,0,1
58,38,0,0
58,68,0,6
58,72,3,0
58,33,0,3
58,2,0,12
58,52,0,1
58,47,1,5
58,17,1,0
58,36,0,3
58,24,0,3
58,53,2,0
58,32,0,0
58,21,3,1
58,8,1,0
58,15,3,0
58,73,4,0
58,43,1,1
58,23,0,2
58,85,0,1
58,28,0,2
58,0,1,5
58,1,1,1
58,4,2,0
58,78,3,1
58,65,0,0
58,3,4,1
58,60,0,1
58,69,1,0
58,93,0,8
58,34,2,3
58,92,2,2
58,83,0,1
58,87,0,5
58,42,2,0
58,97,0,6
58,22,1,1
58,76,1,2
58,5,1,0
58,95,0,21
58,64,1,11
58,14,1,1
58,63,0,4
58,25,1,0
58,77,4,1
58,67,0,0
58,86,0,4
58,71,2,0
58,75,0,4
58,99,3,0
58,11,0,0
58,35,0,4
58,44,0,5
58,29,0,3
58,30,1,9
58,39,0,5
58,80,0,5
58,91,1,0
58,46,0,1
58,82,0,11
58,41,1,0
58,84,0,3
58,26,0,0
58,61,0,3
58,13,4,0
58,37,4,2
58,51,1,0
58,16,1,0
58,50,0,2
58,7,0,0
58,59,0,6
58,74,4,0
58,70,0,3
58,96,0,4
58,66,0,0
58,58,0,1
58,31,3,1
58,19,2,1
58,6,1,0
58,45,0,6
58,88,2,0
58,62,0,2
58,81,2,0
58,40,0,16
58,27,1,1
58,90,0,0
58,57,1,10
58,79,0,5
58,98,1,3
58,94,3,3
58,10,1,0
58,20,4,0
58,48,0,4
59,57,1,0
59,52,0,2
59,84,0,4
59,92,4,0
59,68,1,7
59,16,1,0
59,29,0,4
59,48,0,5
59,97,0,7
59,40,1,17
59,9,1,7
59,96,0,5
59,44,0,6
59,49,2,6
59,42,1,0
59,24,0,4
59,72,3,0
59,38,1,1
59,13,3,0
59,36,0,4
59,5,1,1
59,88,1,0
59,19,2,0
59,22,1,0
59,91,1,0
59,80,0,6
59,53,4,1
59,51,0,0
59,30,0,0
59,64,1,0
59,71,2,1
59,98,1,4
59,31,5,2
59,95,0,22
59,1,1,2
59,67,0,1
59,89,0,1
59,45,0,7
59,59,0,7
59,46,0,2
59,63,1,5
59,2,0,13
59,41,1,0
59,99,3,1
59,66,0,1
59,61,0,4
59,25,1,1
59,65,0,1
59,37,3,0
59,70,0,4
59,58,0,2
59,55,5,1
59,15,2,0
59,34,2,0
59,74,4,0
59,6,0,0
59,28,0,3
59,82,0,12
59,18,0,2
59,26,0,1
59,77,3,0
59,23,0,3
59,86,0,5
59,3,4,0
59,39,0,6
59,81,1,0
59,12,0,1
59,7,0,1
59,69,2,1
59,10,1,0
59,90,0,1
59,32,0,1
59,83,0,2
59,87,0,6
59,33,2,4
59,76,1,0
59,4,2,1
59,79,0,6
59,11,0,1
59,20,4,0
59,14,0,0
59,50,0,3
59,73,3,0
59,93,0,9
59,47,1,0
59,35,0,5
59,43,0,0
59,0,1,6
59,56,0,0
59,21,3,0
59,78,2,0
59,62,1,3
59,85,0,2
59,54,3,0
59,8,1,0
59,75,0,5
59,27,0,0
59,94,2,0
59,60,1,0
59,17,1,1
60,59,0,8
60,35,0,6
60,62,0,0
60,21,3,1
60,80,0,7
60,61,0,5
60,17,2,2
60,11,0,2
60,68,0,0
60,76,2,1
60,2,0,14
60,26,0,2
60,32,2,2
60,5,3,0
60,70,0,5
60,52,1,3
60,93,1,10
60,69,2,2
60,73,4,1
60,99,3,2
60,63,0,0
60,45,0,8
60,13,3,1
60,78,2,0
60,29,0,5
60,1,1,3
60,31,5,3
60,9,2,8
60,75,0,6
60,4,2,2
60,92,4,0
60,56,0,1
60,88,1,1
60,46,0,3
60,81,1,0
60,39,0,7
60,25,1,0
60,19,2,1
60,89,0,2
60,95,0,23
60,57,1,0
60,82,1,13
60,8,1,0
60,47,0,0
60,34,1,0
60,36,0,5
60,44,0,7
60,50,0,4
60,97,0,8
60,33,2,5
60,83,0,0
60,53,3,0
60,71,2,2
60,43,1,1
60,74,4,1
60,24,0,5
60,48,0,6
60,60,0,0
60,90,0,2
60,14,0,1
60,16,1,0
60,91,0,0
60,0,1,0
60,87,0,7
60,54,3,1
60,7,0,2
60,67,0,2
60,64,1,0
60,15,1,0
60,65,0,2
60,41,1,0
60,38,1,0
60,79,0,7
60,51,0,1
60,77,2,0
60,85,0,3
60,28,0,4
60,30,0,1
60,6,0,1
60,86,0,6
60,3,4,0
60,72,3,1
60,94,2,1
60,55,5,2
60,49,2,0
60,10,0,0
60,96,0,6
60,84,0,5
60,37,2,0
60,58,0,3
60,27,0,1
60,40,0,0
60,23,0,4
60,42,2,1
60,20,5,1
60,22,1,0
60,66,0,0
60,18,0,3
60,12,0,2
60,98,0,0
61,49,2,0
61,0,1,0
61,22,0,0
61,1,0,0
61,28,0,5
61,39,1,8
61,73,4,0
61,76,1,0
61,56,0,2
61,96,0,7
61,60,0,1
61,48,1,7
61,94,2,2
61,32,1,0
61,97,0,9
61,7,0,3
61,53,4,1
61,24,0,6
61,75,1,7
61,29,0,6
61,91,1,1
61,88,1,0
61,89,0,3
61,63,0,1
61,65,0,3
61,98,0,1
61,81,0,0
61,11,1,3
61,93,0,0
61,12,1,3
61,77,2,0
61,68,0,1
61,55,4,0
61,33,2,0
61,57,0,0
61,83,0,1
61,87,0,8
61,21,3,2
61,46,0,4
61,14,0,2
61,8,0,0
61,70,0,6
61,40,0,1
61,35,0,7
61,6,2,2
61,45,0,9
61,67,0,3
61,74,3,0
61,42,2,0
61,66,0,1
61,3,3,0
61,20,5,0
61,92,5,1
61,17,2,0
61,30,0,2
61,80,0,8
61,79,0,0
61,84,0,6
61,10,1,1
61,36,0,6
61,99,3,3
61,23,0,0
61,82,0,0
61,16,1,1
61,95,0,24
61,69,2,3
61,25,0,0
61,71,2,3
61,58,0,4
61,72,3,0
61,50,0,5
61,15,1,0
61,43,0,0
61,85,1,4
61,5,4,0
61,37,2,0
61,34,0,0
61,26,0,3
61,2,0,15
61,27,1,2
61,31,6,4
61,47,0,0
61,90,0,3
61,59,0,9
61,19,1,0
61,62,0,1
61,18,1,4
61,61,1,0
61,13,4,2
61,54,3,2
61,4,2,3
61,9,1,0
61,64,1,0
61,38,0,0
61,52,1,0
61,44,0,8
61,78,1,0
61,86,0,7
61,41,2,0
61,51,0,2
62,70,0,7
62,55,4,1
62,97,0,10
62,71,1,0
62,79,0,1
62,22,0,1
62,15,1,1
62,43,0,1
62,27,0,0
62,54,3,3
62,68,0,2
62,87,0,9
62,63,0,2
62,51,0,3
62,14,1,3
62,96,0,8
62,41,1,0
62,44,0,9
62,39,2,0
62,83,2,2
62,92,6,0
62,12,1,4
62,2,0,16
62,20,4,0
62,69,3,4
62,80,0,9
62,85,1,0
62,21,3,0
62,25,0,1
62,75,0,0
62,65,1,4
62,13,3,0
62,59,0,10
62,61,0,0
62,26,0,4
62,17,1,0
62,24,1,7
62,38,0,1
62,32,0,0
62,8,0,1
62,73,4,0
62,36,1,7
62,77,3,0
62,34,0,1
62,74,2,0
62,30,0,3
62,11,1,4
62,48,2,8
62,10,2,0
62,94,1,0
62,29,0,7
62,81,0,1
62,95,0,25
62,72,3,0
62,89,0,4
62,6,1,0
62,4,2,4
62,33,2,0
62,90,0,4
62,37,1,0
62,66,0,2
62,98,1,0
62,1,0,1
62,84,1,0
62,67,0,4
62,7,1,4
62,5,4,1
62,16,2,2
62,3,2,0
62,47,0,1
62,56,0,3
62,0,1,1
62,31,5,0
62,19,1,1
62,57,0,1
62,18,0,0
62,28,0,6
62,35,0,8
62,62,0,2
62,46,0,5
62,76,1,1
62,58,0,5
62,40,0,2
62,86,0,8
62,49,2,0
62,45,0,10
62,53,5,2
62,82,0,1
62,88,1,0
62,60,1,2
62,93,0,1
62,64,1,0
62,23,0,1
62,42,1,0
62,99,3,4
62,50,0,6
62,9,0,0
62,91,2,0
62,52,1,0
62,78,0,0
63,38,0,2
63,55,3,0
63,54,3,4
63,20,4,1
63,25,0,2
63,71,1,1
63,76,1,0
63,41,1,0
63,32,0,1
63,56,0,4
63,19,1,0
63,8,0,2
63,89,1,5
63,47,0,2
63,7,1,0
63,26,0,5
63,37,0,0
63,90,1,5
63,11,1,5
63,10,2,1
63,67,0,5
63,97,0,11
63,94,1,0
63,75,0,1
63,79,0,2
63,48,1,0
63,5,4,0
63,9,0,1
63,87,0,10
63,58,0,6
63,69,2,0
63,35,0,9
63,73,4,1
63,80,0,10
63,85,1,1
63,40,0,3
63,23,0,2
63,50,1,7
63,4,1,0
63,21,2,0
63,29,0,8
63,15,1,0
63,88,1,1
63,77,3,1
63,60,0,0
63,34,0,2
63,1,0,2
63,30,1,4
63,98,1,1
63,42,2,1
63,44,1,0
63,24,1,8
63,78,0,1
63,51,0,4
63,13,3,1
63,49,2,1
63,2,0,17
63,93,2,0
63,52,1,1
63,12,1,5
63,91,1,0
63,82,0,2
63,83,2,3
63,16,2,0
63,27,0,1
63,36,1,8
63,99,3,0
63,59,0,11
63,39,2,0
63,96,0,9
63,84,0,0
63,14,1,4
63,46,0,6
63,28,0,7
63,81,0,2
63,0,1,2
63,63,0,3
63,62,0,3
63,61,0,1
63,95,0,26
63,3,2,1
63,17,2,0
63,57,0,2
63,31,5,1
63,70,0,8
63,22,0,2
63,65,1,0
63,68,0,3
63,92,6,0
63,74,3,1
63,66,0,3
63,64,0,0
63,86,0,9
63,43,0,2
63,45,0,11
63,33,2,0
63,72,3,0
63,6,1,1
63,53,5,3
63,18,0,1
64,21,1,0
64,10,2,0
64,53,5,0
64,16,3,1
64,90,0,0
64,35,1,10
64,56,1,5
64,95,0,27
64,29,0,9
64,2,0,18
64,50,2,8
64,39,2,1
64,46,0,7
64,82,0,3
64,37,0,1
64,61,0,2
64,81,1,3
64,62,1,4
64,41,0,0
64,76,1,0
64,91,1,0
64,4,0,0
64,31,5,2
64,47,1,0
64,66,0,4
64,54,3,5
64,73,3,0
64,19,1,1
64,88,0,0
64,33,2,0
64,55,5,1
64,79,0,3
64,43,0,3
64,97,0,12
64,84,0,1
64,1,0,3
64,15,0,0
64,75,1,2
64,85,1,2
64,96,0,10
64,11,1,0
64,68,0,4
64,78,0,2
64,17,2,1
64,42,2,2
64,25,0,0
64,65,1,0
64,13,4,0
64,18,0,2
64,49,2,0
64,34,0,3
64,44,0,0
64,12,0,0
64,20,5,0
64,70,0,9
64,64,0,1
64,71,0,0
64,22,0,3
64,38,1,3
64,74,4,2
64,8,0,3
64,52,0,0
64,60,0,1
64,14,1,0
64,9,0,2
64,83,2,4
64,92,5,0
64,94,1,0
64,45,0,12
64,32,0,2
64,23,0,3
64,5,3,0
64,89,1,6
64,51,0,5
64,40,0,4
64,57,0,3
64,93,2,0
64,3,2,2
64,6,3,0
64,98,0,0
64,58,0,0
64,27,0,0
64,36,1,9
64,86,0,10
64,7,0,0
64,26,0,6
64,72,3,0
64,0,1,0
64,24,2,0
64,87,0,11
64,48,0,0
64,77,2,0
64,59,0,12
64,63,0,4
64,30,2,5
64,28,0,0
64,69,1,0
64,67,0,6
64,80,0,11
64,99,3,1
65,57,1,4
65,60,0,2
65,87,0,12
65,28,0,1
65,73,4,1
65,76,1,0
65,32,0,3
65,35,1,11
65,79,1,4
65,96,0,11
65,26,0,7
65,89,2,7
65,92,5,0
65,34,0,4
65,6,4,0
65,85,0,0
65,48,1,1
65,94,1,1
65,58,0,1
65,18,0,3
65,69,1,0
65,16,3,2
65,97,0,13
65,51,1,6
65,44,0,1
65,77,2,0
65,25,1,1
65,45,0,13
65,98,0,1
65,50,2,9
65,27,0,1
65,63,0,5
65,91,0,0
65,52,0,1
65,36,1,0
65,11,0,0
65,61,1,3
65,10,1,0
65,30,2,0
65,15,1,1
65,42,1,0
65,17,1,0
65,20,4,0
65,2,0,19
65,80,0,12
65,75,1,0
65,71,0,1
65,86,0,11
65,5,2,0
65,37,0,0
65,29,0,10
65,7,0,1
65,56,1,0
65,19,3,0
65,70,0,10
65,99,3,2
65,31,4,0
65,78,0,3
65,62,0,0
65,83,2,0
65,22,0,0
65,82,0,4
65,39,2,0
65,90,0,0
65,40,0,5
65,53,5,0
65,24,2,0
65,12,0,1
65,95,1,28
65,43,0,4
65,41,0,1
65,38,1,0
65,1,0,4
65,3,2,0
65,47,1,1
65,13,4,1
65,49,2,0
65,72,3,1
65,84,0,2
65,93,2,0
65,55,4,0
65,23,0,4
65,65,0,0
65,59,0,13
65,68,0,5
65,66,0,5
65,46,0,8
65,8,0,4
65,0,1,0
65,21,1,0
65,4,0,1
65,9,0,3
65,67,0,7
65,81,1,0
65,74,4,0
65,88,0,1
65,14,1,1
65,54,2,0
65,64,0,2
65,33,2,0
66,88,0,2
66,45,0,14
66,83,2,1
66,81,2,1
66,57,1,0
66,71,0,2
66,95,1,0
66,21,1,1
66,66,0,6
66,44,0,2
66,67,0,8
66,39,2,1
66,47,2,2
66,64,0,3
66,50,2,10
66,37,0,1
66,15,1,2
66,59,0,14
66,69,2,0
66,16,2,0
66,32,0,4
66,74,4,0
66,78,1,4
66,76,1,1
66,91,0,1
66,1,0,5
66,4,0,2
66,61,1,0
66,85,0,1
66,42,2,0
66,5,2,1
66,7,0,2
66,28,0,2
66,41,0,2
66,51,0,0
66,23,0,5
66,24,2,1
66,63,0,6
66,30,2,1
66,82,0,5
66,29,0,11
66,11,0,1
66,36,0,0
66,96,0,12
66,17,0,0
66,87,1,13
66,9,0,4
66,90,0,1
66,8,0,5
66,58,0,2
66,49,1,0
66,34,0,5
66,52,2,0
66,92,5,1
66,65,0,1
66,12,1,2
66,22,0,1
66,26,0,8
66,68,0,6
66,73,3,0
66,86,0,12
66,33,3,1
66,25,1,2
66,27,0,2
66,70,0,11
66,3,2,0
66,98,1,2
66,2,0,20
66,97,0,14
66,19,3,0
66,20,6,1
66,6,4,1
66,55,3,0
66,53,5,0
66,93,1,0
66,60,0,3
66,80,0,13
66,89,3,0
66,54,2,0
66,14,2,0
66,56,1,0
66,77,2,0
66,38,1,1
66,94,0,0
66,79,1,5
66,0,0,0
66,43,0,5
66,72,3,2
66,46,0,9
66,13,3,0
66,62,0,1
66,75,0,0
66,31,3,0
66,35,0,0
66,10,0,0
66,18,1,4
66,99,3,3
66,84,0,3
66,48,0,0
66,40,0,6
67,62,0,2
67,81,3,2
67,60,2,4
67,6,4,0
67,57,1,1
67,46,0,10
67,36,0,1
67,27,1,3
67,28,0,3
67,11,0,2
67,7,0,3
67,85,0,2
67,58,0,3
67,76,1,2
67,49,1,1
67,4,0,3
67,44,0,3
67,99,3,4
67,95,1,0
67,30,1,0
67,47,3,3
67,92,5,2
67,20,6,0
67,53,5,1
67,79,0,0
67,73,2,0
67,84,0,4
67,51,0,1
67,13,4,0
67,43,0,6
67,88,0,3
67,94,0,1
67,71,0,3
67,52,2,1
67,64,0,4
67,23,0,6
67,75,1,1
67,14,2,0
67,34,0,6
67,24,2,0
67,29,0,12
67,12,1,3
67,41,0,3
67,17,0,1
67,42,1,0
67,74,4,0
67,59,0,15
67,3,2,1
67,83,2,2
67,91,0,2
67,68,0,7
67,21,0,0
67,33,2,0
67,16,1,0
67,26,0,9
67,54,3,1
67,72,2,0
67,2,0,21
67,65,0,2
67,48,0,1
67,98,0,0
67,37,0,2
67,96,0,13
67,67,0,9
67,82,0,0
67,5,1,0
67,18,0,0
67,50,2,11
67,69,2,0
67,70,0,0
67,31,5,1
67,45,1,15
67,35,0,1
67,55,2,0
67,97,0,15
67,56,2,0
67,78,0,0
67,87,1,14
67,0,0,1
67,80,0,14
67,86,1,0
67,61,1,0
67,38,0,0
67,19,3,0
67,8,0,6
67,93,2,0
67,89,3,0
67,22,0,2
67,90,0,2
67,63,0,7
67,66,0,7
67,9,0,5
67,10,0,1
67,77,2,1
67,15,1,0
67,25,0,0
67,40,0,7
67,1,0,6
67,32,0,5
67,39,3,0
68,28,0,4
68,46,0,11
68,67,0,10
68,29,0,13
68,38,0,1
68,32,0,6
68,30,1,1
68,65,0,3
68,12,2,0
68,1,0,7
68,82,0,1
68,25,1,1
68,73,3,1
68,62,0,3
68,0,1,2
68,50,2,12
68,87,2,0
68,41,1,4
68,33,2,1
68,53,5,0
68,8,1,7
68,74,3,0
68,78,0,1
68,4,0,4
68,77,2,2
68,61,0,0
68,9,0,6
68,68,0,8
68,55,2,1
68,75,0,0
68,91,0,3
68,97,0,16
68,51,1,2
68,85,0,3
68,43,0,7
68,86,1,1
68,83,2,0
68,18,0,1
68,58,0,4
68,44,0,4
68,49,1,2
68,47,3,0
68,69,2,0
68,40,0,8
68,98,0,1
68,95,0,0
68,81,3,3
68,57,0,0
68,5,1,0
68,31,5,0
68,54,2,0
68,42,1,1
68,93,2,0
68,72,2,0
68,89,3,1
68,59,0,16
68,16,2,1
68,79,0,1
68,39,3,1
68,64,0,5
68,48,0,2
68,36,0,2
68,17,0,2
68,37,0,3
68,63,0,8
68,19,2,0
68,76,1,0
68,88,0,4
68,35,0,2
68,45,0,0
68,20,5,0
68,13,4,1
68,90,0,0
68,23,0,7
68,80,0,15
68,60,1,0
68,24,2,0
68,56,1,0
68,10,0,2
68,3,2,0
68,22,0,3
68,96,0,14
68,94,0,2
68,2,0,22
68,27,1,4
68,52,2,2
68,7,0,4
68,99,3,5
68,6,5,0
68,21,0,1
68,70,0,1
68,11,0,3
68,71,0,4
68,14,3,1
68,84,0,5
68,15,1,1
68,34,0,7
68,66,0,8
68,92,5,0
68,26,0,10
69,72,2,1
69,98,1,2
69,74,3,0
69,34,0,8
69,81,4,4
69,21,0,2
69,50,2,13
69,49,1,3
69,22,0,4
69,4,0,5
69,20,5,1
69,60,1,0
69,55,3,0
69,47,3,1
69,83,2,1
69,7,0,5
69,56,2,0
69,27,1,5
69,97,0,17
69,28,0,5
69,59,0,17
69,61,0,1
69,2,0,23
69,48,2,3
69,23,0,8
69,87,2,1
69,54,3,1
69,96,0,15
69,99,3,6
69,8,1,0
69,65,0,4
69,85,0,4
69,36,0,3
69,41,1,0
69,73,2,0
69,89,3,2
69,78,0,2
69,64,0,6
69,95,0,1
69,14,3,0
69,33,2,2
69,82,0,2
69,62,0,4
69,12,2,0
69,91,0,4
69,1,0,8
69,17,0,3
69,76,1,1
69,30,0,0
69,44,0,5
69,70,0,2
69,75,0,1
69,67,0,11
69,42,1,2
69,51,2,3
69,93,2,0
69,15,1,0
69,80,0,16
69,31,4,0
69,68,0,9
69,58,0,5
69,84,0,6
69,45,0,1
69,92,5,1
69,71,0,5
69,32,0,7
69,24,1,0
69,35,0,3
69,5,1,1
69,52,1,0
69,66,0,9
69,18,0,2
69,3,2,1
69,69,2,1
69,94,0,3
69,39,3,2
69,6,5,1
69,19,1,0
69,86,1,2
69,29,1,14
69,88,0,5
69,38,0,2
69,43,0,8
69,11,0,4
69,57,0,1
69,13,4,0
69,37,0,4
69,16,1,0
69,9,0,7
69,79,0,2
69,46,0,12
69,40,0,9
69,10,0,3
69,77,1,0
69,63,0,9
69,26,0,11
69,90,0,1
69,0,1,0
69,53,5,1
69,25,0,0
70,96,0,16
70,15,1,1
70,83,2,2
70,26,1,12
70,0,0,0
70,22,0,5
70,19,1,0
70,70,0,3
70,62,0,5
70,63,0,10
70,59,0,18
70,33,3,0
70,57,0,2
70,84,0,7
70,10,0,4
70,54,3,2
70,38,0,3
70,52,1,1
70,92,5,0
70,67,0,12
70,9,0,8
70,20,6,0
70,71,0,6
70,32,0,8
70,91,1,5
70,55,3,0
70,97,0,18
70,86,1,3
70,69,2,0
70,99,2,0
70,21,0,3
70,29,1,15
70,11,1,5
70,25,1,1
70,17,0,4
70,5,2,2
70,95,1,2
70,58,1,6
70,43,0,9
70,35,0,4
70,66,0,10
70,45,1,2
70,98,1,0
70,16,1,0
70,13,3,0
70,89,2,0
70,80,0,17
70,50,2,14
70,51,1,0
70,82,0,3
70,61,0,2
70,47,3,0
70,36,2,4
70,40,0,10
70,6,4,0
70,2,0,24
70,23,0,9
70,24,1,0
70,7,0,6
70,94,0,4
70,87,1,0
70,79,0,3
70,81,4,5
70,42,1,3
70,4,0,6
70,85,0,5
70,37,0,5
70,77,0,0
70,18,0,3
70,76,0,0
70,74,3,0
70,30,0,0
70,12,1,0
70,68,0,10
70,8,0,0
70,44,0,0
70,48,1,0
70,93,1,0
70,14,3,1
70,73,2,0
70,53,5,2
70,64,0,7
70,90,0,0
70,27,1,6
70,49,1,0
70,56,2,0
70,1,0,9
70,34,0,9
70,75,0,2
70,3,2,0
70,60,1,0
70,78,0,3
70,65,0,5
70,39,2,0
70,28,0,6
70,31,4,1
70,88,0,6
70,72,3,2
70,46,0,13
70,41,2,1
71,51,0,0
71,14,3,2
71,84,1,8
71,86,1,4
71,33,2,0
71,5,2,0
71,39,2,1
71,80,0,18
71,63,0,11
71,57,0,3
71,41,2,2
71,46,0,14
71,42,1,0
71,95,1,3
71,61,0,3
71,92,5,1
71,0,1,1
71,76,0,1
71,47,2,0
71,70,0,4
71,73,1,0
71,99,2,0
71,65,0,6
71,81,3,0
71,18,0,4
71,75,1,3
71,64,0,8
71,55,2,0
71,17,0,5
71,29,0,0
71,85,1,0
71,53,4,0
71,68,0,11
71,32,0,9
71,97,0,19
71,22,0,6
71,54,2,0
71,13,3,0
71,59,0,19
71,8,0,1
71,26,1,0
71,87,1,1
71,69,3,0
71,7,0,7
71,35,0,5
71,25,1,0
71,6,5,0
71,12,2,0
71,30,0,1
71,62,1,0
71,1,0,10
71,90,0,1
71,2,0,25
71,27,1,7
71,9,0,9
71,34,0,10
71,19,1,1
71,44,0,1
71,89,2,0
71,43,0,0
71,24,1,0
71,36,2,5
71,94,0,5
71,4,0,7
71,96,1,17
71,37,0,6
71,56,2,0
71,49,0,0
71,72,3,3
71,83,2,3
71,71,0,7
71,10,0,5
71,79,0,4
71,91,0,0
71,93,1,1
71,82,0,4
71,38,0,4
71,98,1,1
71,40,1,11
71,3,2,1
71,23,0,10
71,67,0,13
71,88,0,7
71,60,1,1
71,77,0,1
71,48,1,1
71,16,1,0
71,74,3,0
71,52,1,2
71,28,0,7
71,45,1,3
71,50,2,0
71,78,0,4
71,58,2,7
71,15,2,2
71,31,3,0
71,20,6,0
71,21,1,0
71,66,0,11
71,11,0,0
72,77,1,2
72,2,0,26
72,17,0,6
72,6,5,0
72,72,2,0
72,74,2,0
72,76,1,2
72,59,0,20
72,42,2,1
72,94,0,6
72,41,2,3
72,90,0,2
72,25,0,0
72,38,0,5
72,60,0,0
72,4,0,8
72,65,0,7
72,24,2,0
72,11,0,1
72,39,4,2
72,87,0,0
72,16,0,0
72,8,0,2
72,30,1,2
72,54,1,0
72,9,1,10
72,73,0,0
72,1,0,11
72,43,0,1
72,28,0,8
72,47,3,1
72,98,1,2
72,92,5,0
72,12,2,1
72,97,1,20
72,88,0,8
72,31,4,0
72,46,0,15
72,80,1,0
72,99,2,1
72,3,2,0
72,10,1,6
72,34,0,11
72,66,0,12
72,20,6,1
72,75,1,4
72,7,1,8
72,14,4,0
72,37,0,7
72,53,4,0
72,21,1,1
72,51,0,1
72,89,1,0
72,33,1,0
72,50,1,0
72,64,1,9
72,13,2,0
72,70,0,5
72,52,0,0
72,79,0,5
72,96,0,0
72,23,0,11
72,49,1,0
72,32,0,10
72,29,0,1
72,67,0,14
72,61,0,4
72,93,1,0
72,40,0,0
72,19,1,0
72,69,3,1
72,82,0,5
72,15,1,0
72,48,1,0
72,83,3,4
72,71,0,8
72,58,2,8
72,56,1,0
72,63,1,12
72,81,3,1
72,55,2,0
72,85,1,1
72,95,0,0
72,84,1,9
72,36,1,0
72,57,1,4
72,68,1,12
72,45,1,4
72,0,0,0
72,27,0,0
72,44,0,2
72,5,1,0
72,22,0,0
72,86,1,5
72,26,1,0
72,62,1,0
72,91,1,1
72,18,0,5
72,78,0,5
72,35,0,6
73,25,0,1
73,92,5,0
73,13,2,0
73,69,4,0
73,2,0,27
73,90,0,3
73,98,1,3
73,57,1,5
73,40,0,1
73,37,1,8
73,50,0,0
73,7,1,0
73,34,2,12
73,20,7,2
73,15,0,0
73,89,1,1
73,45,2,5
73,73,0,1
73,82,0,6
73,41,2,0
73,71,0,9
73,75,0,0
73,21,2,2
73,65,1,0
73,4,0,9
73,27,1,1
73,48,1,0
73,42,2,0
73,81,3,2
73,64,0,0
73,88,1,9
73,12,1,0
73,87,0,1
73,83,3,0
73,24,2,1
73,61,0,5
73,84,1,0
73,9,0,0
73,70,0,6
73,80,0,0
73,79,0,6
73,53,4,0
73,30,0,0
73,11,0,2
73,51,0,2
73,94,0,7
73,96,0,1
73,3,1,0
73,8,1,3
73,19,0,0
73,56,1,1
73,46,1,16
73,43,0,2
73,44,0,3
73,77,0,0
73,76,0,0
73,72,2,1
73,60,0,1
73,54,1,1
73,14,6,1
73,85,0,0
73,17,0,7
73,47,3,0
73,16,0,1
73,63,0,0
73,97,1,0
73,93,0,0
73,22,0,1
73,91,1,0
73,99,2,2
73,32,0,11
73,62,1,1
73,29,0,2
73,1,0,12
73,95,0,1
73,5,1,0
73,33,0,0
73,74,2,1
73,68,2,0
73,10,1,0
73,49,0,0
73,55,2,1
73,28,0,9
73,38,0,6
73,59,0,21
73,18,0,6
73,86,1,6
73,35,1,0
73,0,0,1
73,78,0,6
73,67,0,15
73,31,5,0
73,23,0,0
73,36,0,0
73,52,0,1
73,66,0,13
73,58,2,9
73,26,1,0
73,6,5,0
73,39,5,3
74,14,7,0
74,30,0,1
74,24,2,2
74,79,0,7
74,99,2,3
74,15,0,1
74,32,1,12
74,63,0,1
74,10,1,1
74,89,2,2
74,65,1,1
74,11,0,3
74,54,1,0
74,51,1,3
74,36,0,1
74,20,7,0
74,56,1,0
74,97,1,1
74,42,2,1
74,82,1,7
74,43,0,3
74,46,0,0
74,86,0,0
74,50,1,1
74,90,0,4
74,35,0,0
74,39,4,0
74,34,1,0
74,3,0,0
74,37,0,0
74,83,3,1
74,92,5,1
74,57,0,0
74,1,0,13
74,72,2,2
74,75,0,1
74,87,1,0
74,0,1,2
74,22,0,2
74,52,0,2
74,28,1,0
74,70,0,7
74,62,0,0
74,44,1,4
74,12,1,0
74,58,2,10
74,21,2,3
74,7,0,0
74,84,1,0
74,38,0,7
74,16,0,2
74,66,0,14
74,31,5,0
74,59,0,22
74,61,0,6
74,49,0,1
74,80,0,1
74,45,2,6
74,77,0,1
74,55,2,0
74,48,1,0
74,17,0,0
74,13,2,0
74,64,0,1
74,9,0,1
74,19,0,1
74,41,1,0
74,69,5,0
74,47,3,1
74,25,0,2
74,26,2,1
74,5,0,0
74,29,0,3
74,53,4,0
74,93,0,1
74,8,1,4
74,74,2,2
74,88,1,10
74,81,2,0
74,40,0,0
74,95,0,2
74,91,1,1
74,18,0,7
74,60,0,2
74,76,0,1
74,67,1,16
74,23,0,1
74,96,0,2
74,78,0,7
74,71,0,10
74,98,1,4
74,27,1,0
74,73,0,2
74,85,0,1
74,68,1,0
74,4,0,10
74,6,5,0
74,2,0,28
74,94,1,8
74,33,0,1
75,52,0,3
75,94,0,0
75,3,0,1
75,85,0,2
75,14,7,0
75,38,1,8
75,39,4,0
75,51,2,4
75,78,0,8
75,40,0,1
75,76,0,2
75,91,0,0
75,67,0,0
75,30,0,2
75,61,0,0
75,29,0,4
75,11,0,4
75,13,2,1
75,34,1,1
75,28,0,0
75,12,3,0
75,73,1,0
75,55,2,0
75,37,0,1
75,45,2,7
75,23,0,2
75,7,1,1
75,96,0,3
75,70,0,8
75,1,0,14
75,63,1,2
75,64,0,2
75,57,0,1
75,2,0,29
75,87,0,0
75,88,1,11
75,49,0,2
75,44,1,0
75,93,0,2
75,41,1,0
75,99,2,4
75,54,1,1
75,95,1,3
75,6,4,0
75,35,0,1
75,98,1,0
75,8,2,5
75,74,2,0
75,22,1,3
75,25,0,3
75,42,1,0
75,97,1,2
75,0,0,0
75,68,0,0
75,16,0,3
75,89,1,0
75,82,0,0
75,19,1,2
75,71,0,11
75,84,2,0
75,83,3,2
75,62,0,1
75,75,1,2
75,4,0,11
75,10,0,0
75,20,7,1
75,26,2,0
75,48,0,0
75,46,0,1
75,31,4,0
75,33,0,2
75,24,2,0
75,58,1,0
75,56,1,0
75,81,3,0
75,66,1,0
75,69,5,0
75,65,1,2
75,21,2,4
75,60,0,3
75,18,0,8
75,9,0,0
75,50,2,0
75,59,0,23
75,79,0,8
75,92,5,2
75,27,1,1
75,17,0,1
75,53,4,0
75,86,0,1
75,77,0,2
75,43,0,4
75,47,3,0
75,32,0,0
75,90,0,5
75,80,0,2
75,36,0,2
75,72,2,3
75,5,0,0
75,15,0,2
76,54,1,2
76,77,1,3
76,72,2,0
76,62,0,2
76,25,0,4
76,83,3,3
76,44,1,1
76,11,0,5
76,13,2,0
76,41,0,0
76,16,0,4
76,48,0,1
76,66,0,0
76,53,3,0
76,97,0,0
76,33,0,3
76,73,0,0
76,67,1,0
76,23,0,3
76,17,0,2
76,68,0,1
76,34,0,0
76,70,0,9
76,46,0,2
76,5,0,1
76,37,0,2
76,30,1,3
76,27,1,0
76,3,1,2
76,14,7,1
76,42,1,0
76,90,0,6
76,96,0,4
76,95,1,0
76,52,0,4
76,15,2,3
76,0,0,1
76,4,0,12
76,82,0,1
76,71,1,12
76,6,4,0
76,35,0,2
76,65,0,0
76,84,1,0
76,45,1,0
76,8,1,0
76,2,0,30
76,89,0,0
76,43,0,5
76,57,1,0
76,9,0,1
76,56,1,1
76,19,1,3
76,28,0,1
76,24,2,0
76,79,0,9
76,98,0,0
76,99,3,5
76,91,1,1
76,86,0,0
76,20,7,0
76,55,3,1
76,7,0,0
76,61,0,1
76,18,0,0
76,60,0,4
76,85,0,3
76,92,5,0
76,31,3,0
76,21,2,5
76,40,0,2
76,94,1,0
76,78,1,9
76,32,0,1
76,39,4,0
76,63,3,3
76,74,1,0
76,1,0,15
76,10,0,1
76,58,2,0
76,51,1,0
76,88,1,12
76,36,0,3
76,49,0,3
76,50,1,0
76,38,1,0
76,47,2,0
76,12,3,0
76,26,2,0
76,81,3,1
76,29,0,5
76,75,1,0
76,76,0,3
76,93,0,3
76,69,5,1
76,22,2,0
76,87,0,1
76,64,1,0
76,59,0,24
76,80,0,3
77,15,2,0
77,71,2,0
77,57,1,0
77,93,0,4
77,32,0,2
77,99,2,0
77,36,0,4
77,95,2,1
77,77,0,0
77,45,1,0
77,17,0,3
77,81,3,2
77,14,7,0
77,56,0,0
77,4,0,13
77,70,0,10
77,42,0,0
77,18,0,1
77,73,0,1
77,74,1,0
77,44,2,0
77,75,1,1
77,6,4,0
77,80,0,4
77,76,0,4
77,87,0,2
77,79,0,10
77,5,0,2
77,7,0,1
77,43,0,6
77,92,5,0
77,13,1,0
77,96,0,5
77,35,0,3
77,52,0,5
77,58,2,1
77,82,0,2
77,39,4,1
77,67,1,1
77,88,1,13
77,31,4,0
77,98,0,1
77,34,0,1
77,27,1,1
77,10,2,2
77,51,1,0
77,37,1,3
77,53,3,0
77,69,4,0
77,33,0,4
77,2,0,31
77,8,1,0
77,41,0,1
77,59,0,25
77,19,0,0
77,78,1,10
77,40,0,3
77,84,1,1
77,26,2,1
77,48,0,2
77,50,1,0
77,61,1,2
77,97,0,1
77,68,0,2
77,86,0,1
77,60,0,5
77,25,0,5
77,91,1,0
77,22,1,0
77,11,0,6
77,3,0,0
77,9,0,2
77,47,1,0
77,46,0,3
77,63,2,0
77,21,3,6
77,0,0,2
77,23,0,4
77,55,2,0
77,65,0,1
77,94,1,0
77,20,6,0
77,83,3,4
77,28,1,2
77,12,3,1
77,1,0,16
77,66,0,1
77,30,2,4
77,64,1,1
77,16,0,5
77,90,0,7
77,38,1,0
77,29,0,6
77,54,2,0
77,24,1,0
77,85,0,4
77,49,0,4
77,72,3,0
77,89,0,1
77,62,1,3
78,3,0,1
78,2,0,32
78,23,0,5
78,93,0,5
78,87,0,3
78,5,1,3
78,81,3,0
78,85,0,5
78,43,0,7
78,53,2,0
78,0,1,3
78,26,1,0
78,48,0,3
78,31,4,0
78,95,3,2
78,90,1,8
78,12,2,0
78,70,0,11
78,25,0,6
78,16,0,6
78,71,3,0
78,51,1,1
78,46,0,4
78,96,1,6
78,99,2,0
78,36,1,5
78,58,1,0
78,61,1,3
78,28,1,0
78,97,0,2
78,65,1,0
78,20,6,0
78,18,0,2
78,83,2,0
78,47,2,1
78,24,1,0
78,13,1,0
78,9,0,3
78,63,1,0
78,21,3,7
78,84,0,0
78,39,3,0
78,88,1,14
78,22,0,0
78,59,0,26
78,27,0,0
78,17,0,4
78,52,0,6
78,98,1,2
78,42,0,1
78,56,0,1
78,94,1,1
78,10,2,3
78,60,0,6
78,45,1,0
78,80,0,5
78,82,0,3
78,11,0,7
78,49,0,0
78,50,1,0
78,30,1,0
78,44,2,0
78,34,0,2
78,55,2,1
78,75,1,0
78,62,0,0
78,91,0,0
78,69,4,0
78,37,1,0
78,79,0,11
78,67,1,2
78,64,0,0
78,57,1,0
78,86,0,2
78,33,0,5
78,68,0,3
78,15,2,1
78,4,0,14
78,6,4,0
78,8,2,0
78,54,2,1
78,41,1,2
78,77,0,1
78,76,1,0
78,92,6,0
78,74,1,1
78,1,0,17
78,38,1,0
78,78,1,11
78,66,1,0
78,7,0,2
78,29,0,7
78,32,0,3
78,19,0,1
78,40,0,4
78,14,6,0
78,73,0,2
78,72,2,0
78,35,1,4
78,89,0,2
79,43,0,8
79,61,3,4
79,68,0,4
79,62,0,1
79,96,0,0
79,31,3,0
79,17,1,5
79,56,0,2
79,70,1,12
79,24,0,0
79,59,1,27
79,58,1,0
79,40,0,5
79,64,1,1
79,54,2,0
79,3,0,0
79,80,0,6
79,38,1,1
79,34,0,3
79,27,1,1
79,99,2,0
79,48,0,4
79,83,2,1
79,29,0,8
79,2,0,33
79,66,1,1
79,20,6,1
79,4,0,15
79,95,3,0
79,94,0,0
79,78,2,0
79,36,1,0
79,90,1,0
79,18,0,3
79,10,3,4
79,97,1,3
79,16,0,7
79,87,0,4
79,72,2,0
79,45,1,1
79,35,0,0
79,57,1,1
79,32,0,4
79,28,0,0
79,47,1,0
79,98,1,0
79,73,1,3
79,6,4,0
79,33,0,6
79,39,3,1
79,60,0,7
79,74,1,2
79,69,3,0
79,55,1,0
79,46,0,5
79,81,4,0
79,67,2,3
79,19,0,2
79,88,1,15
79,65,1,0
79,86,0,3
79,37,1,1
79,91,0,1
79,93,0,6
79,49,0,1
79,51,2,2
79,5,0,0
79,75,0,0
79,0,1,4
79,44,2,0
79,1,0,18
79,23,0,0
79,71,2,0
79,92,7,0
79,13,1,1
79,14,6,1
79,82,0,4
79,9,1,4
79,15,2,2
79,52,0,7
79,42,0,2
79,8,1,0
79,79,0,12
79,7,0,3
79,30,0,0
79,26,0,0
79,89,0,3
79,50,2,1
79,11,0,8
79,63,0,0
79,77,0,0
79,41,0,0
79,53,2,0
79,25,0,7
79,12,1,0
79,76,2,0
79,22,0,1
79,21,3,0
79,84,0,1
79,85,0,6
80,81,4,1
80,82,0,5
80,72,3,1
80,95,2,0
80,51,1,0
80,86,0,4
80,32,0,5
80,73,0,0
80,85,0,7
80,75,0,1
80,48,1,5
80,56,0,3
80,21,3,1
80,58,0,0
80,12,1,1
80,83,2,2
80,18,1,4
80,45,1,0
80,47,1,0
80,84,1,2
80,11,0,9
80,87,0,5
80,4,1,16
80,33,1,7
80,34,1,4
80,42,0,3
80,19,0,3
80,23,1,1
80,76,1,0
80,3,1,1
80,94,0,1
80,27,0,0
80,57,1,2
80,99,1,0
80,29,0,9
80,91,0,2
80,64,1,2
80,89,0,4
80,54,2,1
80,38,1,2
80,30,0,1
80,10,3,0
80,6,4,0
80,97,0,0
80,65,1,1
80,22,1,0
80,5,0,1
80,39,3,0
80,26,0,1
80,98,1,0
80,68,1,5
80,49,0,2
80,74,1,3
80,93,0,7
80,69,3,0
80,31,3,1
80,63,0,1
80,43,0,9
80,67,1,0
80,59,1,0
80,7,0,4
80,44,2,0
80,28,0,1
80,50,2,2
80,37,0,0
80,90,1,0
80,14,5,0
80,52,0,8
80,66,0,0
80,70,1,13
80,16,1,8
80,41,0,1
80,46,0,6
80,96,0,1
80,88,1,16
80,36,0,0
80,9,0,0
80,53,2,1
80,92,7,1
80,17,1,0
80,2,0,34
80,20,6,0
80,13,1,2
80,25,0,8
80,1,0,19
80,8,1,0
80,55,0,0
80,79,0,13
80,77,0,1
80,24,0,1
80,40,0,6
80,15,4,0
80,80,1,0
80,35,0,1
80,61,3,5
80,62,1,2
80,78,1,0
80,0,2,0
80,71,1,0
80,60,0,8
81,15,5,0
81,6,4,0
81,39,3,1
81,26,0,2
81,21,2,0
81,72,3,2
81,35,0,2
81,57,0,0
81,64,1,0
81,25,0,9
81,96,0,2
81,54,2,2
81,61,3,0
81,93,0,8
81,79,0,14
81,34,1,0
81,9,0,1
81,11,0,10
81,48,1,0
81,12,1,2
81,91,1,3
81,36,0,1
81,3,1,0
81,8,1,1
81,40,0,7
81,42,0,4
81,0,3,0
81,89,0,5
81,92,7,2
81,90,1,1
81,70,1,0
81,37,0,1
81,97,0,1
81,81,3,0
81,83,2,0
81,4,2,17
81,14,4,0
81,24,0,2
81,82,0,6
81,20,5,0
81,1,0,20
81,18,1,0
81,16,1,9
81,52,0,9
81,45,1,1
81,7,0,5
81,28,0,2
81,75,1,2
81,50,3,0
81,43,0,10
81,85,1,8
81,67,1,1
81,27,0,1
81,73,0,1
81,69,2,0
81,51,1,1
81,71,0,0
81,41,0,0
81,65,1,0
81,98,1,0
81,30,0,2
81,62,1,0
81,74,1,0
81,32,0,6
81,60,0,9
81,49,0,3
81,99,1,1
81,95,2,0
81,19,0,4
81,2,0,35
81,87,0,6
81,63,1,0
81,84,1,0
81,86,0,5
81,10,2,0
81,29,0,10
81,68,0,0
81,47,1,0
81,59,0,0
81,78,0,0
81,33,1,8
81,58,0,1
81,23,1,0
81,77,0,2
81,53,3,2
81,46,0,7
81,88,1,17
81,55,1,1
81,44,1,0
81,5,0,2
81,66,0,1
81,22,0,0
81,76,1,0
81,13,1,3
81,38,2,0
81,80,3,0
81,56,1,4
81,94,0,2
81,17,0,0
81,31,3,2
82,15,5,0
82,29,0,11
82,32,1,7
82,89,0,6
82,2,0,36
82,25,0,10
82,14,4,1
82,95,1,0
82,44,1,1
82,53,4,3
82,80,2,0
82,96,1,3
82,40,0,8
82,1,0,21
82,46,0,8
82,54,2,3
82,62,1,1
82,59,0,1
82,82,0,7
82,34,1,1
82,6,4,0
82,66,0,2
82,48,2,1
82,41,0,1
82,57,0,1
82,43,0,11
82,52,0,10
82,76,1,0
82,65,0,0
82,37,0,2
82,90,1,0
82,22,0,1
82,39,2,0
82,8,0,0
82,93,0,0
82,27,0,2
82,18,1,0
82,19,0,5
82,28,0,3
82,79,0,15
82,81,3,0
82,23,1,1
82,21,1,0
82,61,4,1
82,12,2,3
82,87,0,7
82,64,1,0
82,55,1,2
82,58,0,2
82,98,0,0
82,0,3,0
82,69,4,1
82,42,0,5
82,71,1,1
82,63,1,1
82,91,1,4
82,20,5,1
82,70,0,0
82,5,1,3
82,60,1,10
82,36,0,2
82,97,0,2
82,73,0,2
82,10,2,0
82,56,1,0
82,74,2,0
82,84,0,0
82,33,1,0
82,16,1,10
82,72,3,3
82,11,0,11
82,68,0,1
82,99,1,0
82,3,0,0
82,78,0,1
82,51,0,0
82,24,0,3
82,30,0,3
82,77,0,3
82,86,0,6
82,9,0,2
82,31,3,3
82,35,0,3
82,94,0,3
82,88,1,18
82,26,0,3
82,7,1,6
82,92,6,0
82,17,0,1
82,38,3,1
82,45,1,2
82,85,1,0
82,4,1,0
82,50,3,1
82,49,0,4
82,67,1,2
82,13,0,0
82,75,0,0
82,83,3,1
82,47,1,1
83,45,1,0
83,55,2,0
83,13,1,1
83,48,2,2
83,94,1,4
83,12,2,0
83,82,0,8
83,35,1,4
83,2,0,37
83,38,3,0
83,46,1,9
83,98,1,1
83,27,0,3
83,20,4,0
83,73,1,3
83,63,0,0
83,89,0,7
83,53,4,4
83,78,0,2
83,3,0,1
83,85,0,0
83,87,0,8
83,44,0,0
83,37,1,3
83,58,1,0
83,40,0,9
83,60,1,11
83,71,1,0
83,96,0,0
83,47,1,2
83,5,1,0
83,64,1,0
83,36,0,3
83,14,4,0
83,43,0,12
83,77,0,4
83,1,0,22
83,72,3,0
83,62,2,2
83,80,2,1
83,19,0,6
83,50,2,0
83,16,1,11
83,81,3,0
83,42,0,6
83,0,2,0
83,61,4,0
83,29,0,12
83,93,0,0
83,59,0,2
83,51,0,1
83,70,0,1
83,97,1,3
83,52,0,0
83,76,1,1
83,15,5,0
83,33,0,0
83,95,1,1
83,86,2,0
83,83,2,0
83,4,1,1
83,84,1,1
83,69,3,0
83,24,0,4
83,23,0,0
83,30,0,4
83,39,1,0
83,65,0,1
83,9,0,3
83,32,0,0
83,26,0,4
83,90,2,1
83,17,0,2
83,99,0,0
83,11,0,12
83,22,0,2
83,91,0,0
83,79,0,16
83,92,6,0
83,68,0,2
83,7,4,7
83,41,0,2
83,66,0,3
83,28,0,4
83,34,1,0
83,18,1,0
83,21,1,1
83,31,3,4
83,56,0,0
83,54,1,0
83,57,1,0
83,88,0,0
83,25,1,11
83,6,3,0
83,74,2,0
83,8,0,1
83,75,0,1
83,67,0,0
83,10,2,1
83,49,0,5
84,64,1,0
84,93,0,1
84,30,0,5
84,40,0,10
84,82,0,9
84,32,0,1
84,60,1,12
84,50,2,0
84,97,0,0
84,87,0,9
84,3,0,2
84,58,1,1
84,98,1,0
84,76,0,0
84,12,1,0
84,42,0,7
84,68,0,3
84,21,1,0
84,86,3,1
84,47,1,3
84,29,0,13
84,55,2,1
84,43,0,13
84,91,0,1
84,90,1,0
84,73,1,0
84,9,0,4
84,5,1,1
84,14,4,1
84,94,1,5
84,25,2,12
84,70,0,2
84,69,3,1
84,49,0,6
84,59,0,3
84,52,0,1
84,6,2,0
84,20,4,1
84,46,1,0
84,62,2,3
84,51,0,2
84,23,0,1
84,4,1,2
84,0,1,0
84,81,4,0
84,19,0,7
84,36,0,4
84,37,1,4
84,83,2,0
84,15,5,1
84,44,0,1
84,11,0,13
84,48,3,3
84,61,3,0
84,95,2,0
84,41,1,3
84,56,0,1
84,80,2,0
84,84,2,0
84,18,1,1
84,17,0,3
84,72,3,0
84,28,0,5
84,96,0,1
84,54,1,1
84,78,0,3
84,22,0,3
84,2,0,38
84,31,3,5
84,33,0,1
84,35,2,5
84,7,4,8
84,57,1,1
84,63,0,1
84,27,0,4
84,1,0,23
84,75,0,2
84,92,6,1
84,16,0,0
84,74,2,0
84,13,1,0
84,38,2,0
84,39,1,1
84,26,0,5
84,79,0,17
84,45,1,1
84,66,0,4
84,77,1,5
84,10,2,2
84,34,1,0
84,67,0,1
84,71,1,0
84,65,0,2
84,24,0,5
84,85,0,1
84,8,0,2
84,53,4,0
84,89,0,8
84,88,0,1
84,99,0,1
85,22,0,4
85,68,0,4
85,51,0,3
85,7,5,9
85,28,1,6
85,3,0,3
85,71,1,0
85,65,1,3
85,52,1,2
85,98,1,0
85,79,0,18
85,99,0,2
85,26,0,6
85,82,0,10
85,14,4,0
85,37,0,0
85,1,0,24
85,96,0,2
85,41,1,4
85,70,1,3
85,23,1,2
85,88,2,2
85,36,0,5
85,80,2,0
85,55,2,0
85,61,3,1
85,10,2,3
85,54,2,0
85,86,2,0
85,87,0,10
85,33,0,2
85,48,3,4
85,27,1,5
85,63,0,2
85,21,1,1
85,42,0,8
85,62,2,0
85,40,0,11
85,12,0,0
85,46,0,0
85,18,0,0
85,83,1,0
85,38,1,0
85,5,1,2
85,66,0,5
85,81,4,1
85,60,3,0
85,32,0,2
85,95,2,0
85,50,2,0
85,94,1,6
85,85,0,2
85,90,1,0
85,45,1,2
85,17,0,4
85,49,0,7
85,73,1,0
85,91,0,2
85,19,0,8
85,0,1,0
85,11,0,14
85,43,0,14
85,78,0,4
85,20,4,0
85,35,2,6
85,44,0,2
85,56,0,2
85,67,1,2
85,2,0,39
85,16,1,1
85,53,3,0
85,57,1,2
85,6,1,0
85,92,7,0
85,89,0,0
85,29,0,14
85,69,2,0
85,97,0,1
85,74,1,0
85,34,0,0
85,15,4,0
85,8,0,3
85,75,0,3
85,76,0,1
85,84,1,0
85,9,0,5
85,13,2,1
85,72,3,0
85,39,0,0
85,25,3,13
85,64,1,1
85,30,0,6
85,31,2,0
85,59,0,4
85,4,1,3
85,77,0,0
85,58,2,0
85,93,0,2
85,24,0,6
85,47,0,0
86,30,0,7
86,39,1,1
86,7,5,0
86,85,0,3
86,94,1,7
86,75,0,4
86,0,1,0
86,31,1,0
86,2,1,40
86,12,0,1
86,37,1,1
86,97,0,2
86,69,2,1
86,57,1,0
86,88,2,3
86,26,0,7
86,45,1,3
86,64,0,0
86,38,1,0
86,40,0,12
86,87,0,11
86,91,0,3
86,68,0,5
86,62,2,0
86,66,0,6
86,21,0,0
86,92,7,0
86,49,0,8
86,48,2,0
86,22,0,5
86,81,5,0
86,67,0,0
86,29,0,15
86,51,1,4
86,35,2,7
86,23,1,3
86,46,0,1
86,8,0,4
86,55,2,1
86,50,1,0
86,82,0,11
86,28,1,0
86,72,2,0
86,9,0,6
86,74,1,0
86,78,0,5
86,56,0,3
86,6,2,1
86,47,0,1
86,41,1,5
86,95,3,0
86,25,3,14
86,63,0,3
86,44,0,3
86,15,4,0
86,61,2,0
86,59,0,5
86,58,1,0
86,18,0,1
86,16,1,0
86,54,2,0
86,98,1,0
86,3,0,4
86,79,0,19
86,89,0,1
86,36,0,6
86,65,1,0
86,17,0,5
86,80,2,1
86,76,0,2
86,5,1,0
86,24,0,7
86,86,1,0
86,32,0,3
86,13,1,0
86,34,1,0
86,70,3,4
86,11,0,15
86,60,4,1
86,42,1,0
86,20,3,0
86,99,0,3
86,77,0,1
86,53,3,0
86,96,1,3
86,52,0,0
86,73,0,0
86,10,2,0
86,93,1,0
86,33,0,3
86,27,1,6
86,1,1,25
86,84,1,1
86,71,0,0
86,90,1,1
86,19,0,9
86,14,4,0
86,83,1,0
86,4,1,4
86,43,0,15
87,68,1,6
87,1,0,0
87,86,0,0
87,19,0,10
87,23,0,0
87,28,0,0
87,62,1,0
87,47,0,2
87,39,3,0
87,37,1,0
87,75,0,5
87,26,1,0
87,96,0,0
87,50,1,1
87,11,0,16
87,93,0,0
87,94,1,8
87,8,1,5
87,90,1,0
87,7,6,0
87,9,0,7
87,6,2,2
87,55,1,0
87,74,0,0
87,0,1,1
87,30,0,8
87,10,3,1
87,29,0,16
87,64,1,1
87,40,0,13
87,77,1,2
87,44,0,4
87,69,3,2
87,63,0,4
87,24,0,8
87,43,0,16
87,16,0,0
87,60,3,0
87,3,0,5
87,52,1,1
87,66,0,7
87,72,1,0
87,54,1,0
87,87,0,12
87,53,3,0
87,13,2,1
87,35,2,8
87,15,5,1
87,67,0,1
87,27,1,7
87,70,2,0
87,14,4,0
87,85,0,4
87,38,1,0
87,5,1,0
87,82,0,12
87,80,2,2
87,58,0,0
87,31,2,1
87,41,1,6
87,79,0,20
87,45,2,0
87,65,0,0
87,4,1,5
87,51,0,0
87,61,2,0
87,84,2,2
87,34,0,0
87,42,1,0
87,21,0,1
87,73,0,1
87,57,1,0
87,88,2,4
87,89,0,0
87,32,1,4
87,25,2,0
87,22,0,6
87,46,0,2
87,91,1,4
87,81,5,0
87,36,0,7
87,98,1,0
87,99,0,4
87,95,2,0
87,12,0,2
87,2,1,0
87,83,1,0
87,17,1,0
87,92,6,0
87,78,1,0
87,59,0,6
87,33,0,4
87,18,0,2
87,71,0,1
87,97,0,3
87,20,3,0
87,48,3,0
87,56,0,4
87,49,0,9
87,76,0,3
88,49,0,10
88,16,0,1
88,99,0,5
88,64,1,0
88,48,2,0
88,6,1,0
88,27,1,0
88,8,0,0
88,76,1,4
88,14,3,0
88,96,0,1
88,46,0,3
88,11,0,17
88,22,0,7
88,95,1,0
88,39,3,0
88,40,0,14
88,3,0,6
88,20,3,0
88,24,0,9
88,65,0,1
88,68,1,0
88,70,2,0
88,18,0,3
88,54,0,0
88,26,1,1
88,60,2,0
88,83,0,0
88,29,0,17
88,86,0,1
88,10,3,2
88,28,0,1
88,15,5,0
88,88,4,0
88,75,0,6
88,32,0,0
88,69,3,3
88,82,0,13
88,37,0,0
88,59,0,7
88,58,1,1
88,78,1,0
88,90,0,0
88,94,1,0
88,89,0,1
88,12,0,0
88,56,0,5
88,97,0,4
88,47,0,3
88,1,0,1
88,0,2,2
88,77,2,3
88,80,2,0
88,51,0,1
88,62,0,0
88,61,2,0
88,52,1,2
88,71,0,2
88,45,2,1
88,81,5,1
88,41,2,7
88,43,0,17
88,50,2,2
88,98,0,0
88,85,0,5
88,66,1,8
88,74,1,0
88,17,1,0
88,57,0,0
88,44,0,5
88,53,2,0
88,23,0,1
88,38,0,0
88,9,0,0
88,35,2,0
88,19,0,0
88,34,0,1
88,33,0,5
88,4,1,0
88,84,2,0
88,92,7,1
88,5,2,1
88,21,0,0
88,72,1,0
88,36,0,8
88,93,0,1
88,7,6,0
88,87,0,13
88,13,3,0
88,2,2,1
88,25,1,0
88,79,1,0
88,63,0,5
88,42,0,0
88,30,0,9
88,91,1,5
88,67,2,2
88,31,3,2
88,73,0,2
88,55,1,0
89,31,2,0
89,93,2,2
89,82,0,14
89,81,5,0
89,44,2,6
89,79,1,0
89,43,0,18
89,64,0,0
89,84,2,0
89,39,2,0
89,11,0,18
89,69,3,4
89,7,6,1
89,58,1,2
89,61,1,0
89,34,1,2
89,21,0,1
89,51,1,2
89,59,0,8
89,94,1,1
89,6,0,0
89,55,1,0
89,12,0,1
89,53,1,0
89,15,4,0
89,68,1,0
89,63,0,6
89,33,0,6
89,52,2,3
89,75,1,7
89,36,2,0
89,50,1,0
89,86,0,2
89,77,1,0
89,8,0,1
89,28,1,2
89,89,0,0
89,17,2,1
89,5,2,2
89,29,1,18
89,60,3,1
89,2,1,0
89,88,3,0
89,49,0,11
89,9,0,1
89,40,0,15
89,4,0,0
89,73,0,3
89,95,0,0
89,91,1,6
89,74,0,0
89,98,0,1
89,62,0,1
89,90,0,1
89,23,0,2
89,30,0,10
89,37,0,1
89,16,0,2
89,42,0,1
89,46,0,4
89,72,1,0
89,38,1,1
89,87,0,14
89,27,0,0
89,18,0,4
89,78,1,1
89,47,0,4
89,70,2,1
89,92,7,0
89,24,0,10
89,65,0,2
89,83,2,1
89,10,3,0
89,45,1,0
89,26,1,0
89,54,0,0
89,25,1,1
89,97,0,5
89,80,3,0
89,14,2,0
89,1,0,2
89,96,1,0
89,66,0,0
89,19,0,1
89,85,0,6
89,13,4,0
89,32,0,1
89,67,2,0
89,71,0,3
89,35,1,0
89,48,1,0
89,22,0,8
89,57,0,1
89,99,0,6
89,3,0,7
89,20,2,0
89,56,0,6
89,76,1,5
89,41,2,8
89,0,3,3
90,81,5,1
90,82,0,15
90,28,0,0
90,17,2,0
90,53,1,0
90,24,0,11
90,18,0,5
90,94,1,2
90,21,0,2
90,83,1,0
90,73,0,4
90,25,1,0
90,78,2,2
90,42,0,2
90,65,0,3
90,86,0,3
90,64,0,1
90,45,1,1
90,91,2,7
90,35,0,0
90,88,4,1
90,92,7,1
90,20,2,1
90,95,1,1
90,0,2,0
90,26,0,0
90,11,0,19
90,44,2,7
90,89,1,1
90,36,3,0
90,6,0,1
90,72,0,0
90,29,0,0
90,85,0,7
90,49,0,12
90,30,0,11
90,19,0,0
90,38,1,0
90,32,0,2
90,84,1,0
90,37,0,2
90,12,0,2
90,71,0,4
90,43,0,19
90,76,2,6
90,50,1,1
90,14,1,0
90,59,0,9
90,61,1,0
90,5,1,0
90,69,3,5
90,22,0,9
90,66,0,1
90,3,0,8
90,7,6,0
90,40,0,16
90,62,1,2
90,68,0,0
90,60,3,2
90,70,3,2
90,96,0,0
90,31,1,0
90,55,0,0
90,15,5,1
90,87,0,15
90,48,1,1
90,16,0,3
90,10,3,0
90,23,1,3
90,1,0,3
90,67,2,1
90,4,0,0
90,54,0,1
90,13,3,0
90,51,4,3
90,34,1,0
90,77,1,0
90,74,0,1
90,58,1,0
90,2,1,1
90,90,0,0
90,63,1,7
90,9,0,0
90,33,0,7
90,79,1,1
90,8,1,0
90,57,0,2
90,46,0,5
90,80,2,0
90,56,1,7
90,27,0,1
90,93,1,0
90,97,1,6
90,41,2,9
90,39,1,0
90,52,2,0
90,47,0,5
90,75,0,0
90,99,0,7
90,98,1,0
91,35,0,1
91,34,2,1
91,63,0,0
91,89,0,0
91,0,2,0
91,96,0,1
91,92,6,0
91,51,4,0
91,40,0,17
91,72,0,1
91,28,0,1
91,50,0,0
91,86,1,4
91,23,0,0
91,69,2,0
91,87,0,16
91,83,2,0
91,12,1,3
91,36,2,0
91,68,0,1
91,53,2,0
91,13,2,0
91,80,1,0
91,56,0,0
91,32,0,3
91,76,3,0
91,79,0,0
91,4,0,1
91,49,0,13
91,44,3,0
91,64,1,2
91,84,1,0
91,41,2,0
91,6,0,2
91,67,2,0
91,60,3,3
91,48,0,0
91,45,1,0
91,14,1,1
91,66,0,2
91,30,0,12
91,39,0,0
91,47,1,6
91,57,0,3
91,94,1,0
91,43,1,0
91,58,1,1
91,37,0,3
91,8,1,0
91,95,1,2
91,22,0,10
91,65,0,4
91,55,0,1
91,81,5,2
91,16,1,4
91,70,2,0
91,2,1,2
91,71,0,5
91,5,1,0
91,74,0,2
91,78,2,0
91,97,1,0
91,99,1,0
91,17,3,0
91,15,4,0
91,10,3,1
91,98,2,1
91,26,0,1
91,9,1,0
91,59,0,10
91,93,0,0
91,1,0,4
91,7,6,1
91,38,1,0
91,27,0,2
91,21,0,3
91,82,0,0
91,24,0,12
91,18,0,6
91,3,0,9
91,29,1,1
91,75,0,1
91,46,0,6
91,42,1,3
91,25,2,1
91,73,0,5
91,20,2,2
91,33,0,8
91,19,0,1
91,77,0,0
91,61,0,0
91,90,0,1
91,11,0,0
91,62,1,0
91,91,3,0
91,54,0,2
91,52,1,0
91,85,1,0
91,31,1,1
91,88,3,0
92,21,0,4
92,46,1,7
92,39,0,1
92,75,0,2
92,53,1,0
92,26,0,2
92,51,4,1
92,77,1,1
92,79,0,1
92,68,0,2
92,74,0,3
92,19,0,2
92,67,2,1
92,60,3,4
92,32,1,4
92,97,1,0
92,38,1,0
92,5,1,0
92,44,3,0
92,64,0,0
92,10,3,0
92,61,0,1
92,54,1,3
92,57,1,4
92,99,2,1
92,55,0,2
92,1,0,5
92,23,0,1
92,18,0,7
92,56,0,1
92,82,0,1
92,59,1,11
92,20,2,3
92,85,2,1
92,80,1,0
92,11,1,1
92,70,2,0
92,7,5,0
92,6,0,3
92,29,0,0
92,30,1,13
92,94,1,0
92,17,3,0
92,90,0,2
92,35,0,2
92,73,0,6
92,12,1,4
92,92,5,0
92,71,0,6
92,52,1,0
92,96,0,2
92,95,1,0
92,88,3,1
92,14,0,0
92,41,2,1
92,24,0,13
92,4,0,2
92,48,0,1
92,27,0,3
92,34,1,0
92,81,5,3
92,15,5,1
92,3,0,10
92,49,1,0
92,69,3,1
92,78,1,0
92,89,0,1
92,0,2,0
92,22,0,11
92,72,0,2
92,76,3,1
92,16,0,0
92,33,0,9
92,42,0,0
92,45,0,0
92,8,1,0
92,36,1,0
92,25,2,2
92,37,0,4
92,31,1,2
92,28,0,2
92,91,3,0
92,50,0,1
92,63,0,1
92,62,1,1
92,58,1,2
92,98,2,2
92,2,0,0
92,66,0,3
92,40,0,18
92,93,0,1
92,43,1,0
92,47,1,0
92,9,0,0
92,86,0,0
92,87,1,17
92,65,1,5
92,84,0,0
92,13,3,1
92,83,2,1
93,16,0,1
93,77,0,0
93,35,1,3
93,6,0,4
93,34,1,1
93,8,1,0
93,39,0,2
93,10,2,0
93,75,1,3
93,76,2,0
93,54,1,0
93,3,0,11
93,95,1,1
93,65,1,6
93,83,2,0
93,30,0,0
93,88,3,2
93,73,0,7
93,58,1,0
93,86,0,1
93,42,1,1
93,79,0,2
93,50,1,2
93,81,5,0
93,31,1,0
93,45,0,1
93,12,0,0
93,46,1,0
93,7,4,0
93,90,0,3
93,66,1,4
93,59,1,0
93,80,1,1
93,18,0,8
93,47,0,0
93,14,0,1
93,49,2,0
93,13,4,0
93,64,0,1
93,48,0,2
93,56,0,2
93,60,4,5
93,37,0,5
93,40,0,19
93,27,0,0
93,68,0,3
93,4,1,3
93,22,1,12
93,2,1,1
93,69,4,0
93,57,0,0
93,98,3,0
93,78,1,0
93,0,2,0
93,89,0,2
93,67,1,0
93,11,2,0
93,84,0,1
93,33,0,10
93,62,1,0
93,51,3,0
93,36,0,0
93,94,0,0
93,91,3,0
93,41,2,2
93,63,0,2
93,93,0,2
93,53,0,0
93,9,0,1
93,38,1,0
93,20,2,0
93,52,1,1
93,92,5,1
93,44,3,0
93,26,0,3
93,74,0,4
93,97,1,0
93,55,0,3
93,25,1,0
93,24,0,14
93,21,0,5
93,15,5,0
93,87,1,0
93,72,0,3
93,23,0,2
93,17,3,1
93,43,2,1
93,70,1,0
93,85,1,0
93,29,0,1
93,28,0,3
93,96,0,3
93,1,0,6
93,61,1,2
93,71,0,7
93,82,0,2
93,19,0,3
93,99,4,0
93,5,0,0
93,32,0,0
94,87,0,0
94,53,2,1
94,32,1,1
94,8,0,0
94,86,0,2
94,37,1,6
94,68,0,4
94,98,4,0
94,81,5,1
94,91,2,0
94,41,2,0
94,21,1,6
94,4,2,4
94,97,1,0
94,39,0,3
94,96,0,4
94,40,0,0
94,80,1,2
94,9,0,2
94,19,0,4
94,50,1,0
94,15,4,0
94,51,2,0
94,45,1,2
94,84,1,2
94,55,0,4
94,27,0,1
94,72,0,4
94,36,0,1
94,73,1,8
94,43,1,0
94,69,4,1
94,46,1,1
94,3,0,12
94,92,5,0
94,16,0,2
94,20,2,1
94,1,1,7
94,42,0,0
94,85,1,0
94,17,3,0
94,2,0,0
94,70,1,1
94,62,1,0
94,38,2,0
94,7,3,0
94,12,0,1
94,83,2,1
94,23,0,3
94,49,2,1
94,59,0,0
94,95,0,0
94,26,0,4
94,6,0,5
94,99,4,1
94,63,0,3
94,5,1,0
94,31,1,0
94,25,1,0
94,77,1,1
94,57,0,1
94,34,0,0
94,88,4,3
94,64,0,2
94,93,0,3
94,48,0,3
94,33,1,11
94,60,3,0
94,76,3,0
94,67,0,0
94,58,2,0
94,71,0,8
94,52,0,0
94,89,0,3
94,14,0,2
94,13,4,1
94,90,0,0
94,75,1,0
94,0,2,1
94,94,1,0
94,18,0,9
94,56,0,3
94,82,0,3
94,61,0,0
94,54,1,0
94,44,2,0
94,78,1,0
94,66,0,0
94,47,0,1
94,28,0,4
94,22,0,0
94,65,1,7
94,24,0,15
94,35,1,4
94,29,0,2
94,74,0,5
94,10,3,0
94,11,1,0
94,30,0,1
94,79,0,3
95,48,0,4
95,86,1,3
95,55,0,5
95,99,4,2
95,3,0,13
95,87,0,1
95,32,2,0
95,46,1,0
95,15,4,0
95,73,1,0
95,95,0,1
95,69,4,2
95,47,0,2
95,71,0,9
95,98,3,0
95,36,0,2
95,68,1,0
95,34,0,1
95,22,0,1
95,84,0,0
95,94,1,1
95,67,0,1
95,70,0,0
95,63,0,4
95,78,1,1
95,16,0,3
95,9,0,3
95,64,0,3
95,17,2,0
95,82,0,4
95,14,0,3
95,6,0,6
95,65,0,0
95,24,0,16
95,23,0,4
95,31,1,0
95,33,1,12
95,10,3,1
95,2,0,1
95,37,1,7
95,13,4,2
95,54,1,0
95,76,3,0
95,83,2,2
95,81,4,0
95,96,0,5
95,85,2,1
95,49,2,0
95,75,1,1
95,79,0,4
95,12,0,2
95,25,1,0
95,35,0,0
95,52,0,1
95,61,0,1
95,89,0,4
95,88,4,4
95,1,2,8
95,90,0,1
95,18,0,10
95,8,0,1
95,30,0,2
95,97,1,1
95,93,0,4
95,0,3,0
95,92,5,1
95,74,0,6
95,20,2,2
95,26,0,5
95,77,1,0
95,45,1,0
95,43,1,0
95,7,3,0
95,39,0,4
95,38,2,0
95,29,0,3
95,5,1,0
95,40,0,1
95,59,0,1
95,57,0,2
95,44,2,0
95,4,2,0
95,51,2,1
95,28,0,5
95,11,1,0
95,42,0,1
95,21,1,0
95,27,0,2
95,60,2,0
95,41,3,1
95,53,1,0
95,19,1,0
95,62,2,0
95,80,2,3
95,66,0,1
95,58,2,0
95,91,2,1
95,50,0,0
95,56,0,4
95,72,0,5
96,98,3,0
96,80,2,0
96,99,4,3
96,16,0,4
96,77,1,1
96,73,2,1
96,74,0,7
96,18,0,11
96,31,1,1
96,37,1,8
96,38,1,0
96,79,0,5
96,9,0,4
96,51,1,0
96,89,1,5
96,84,0,1
96,53,1,1
96,68,2,1
96,78,1,2
96,88,4,5
96,56,0,5
96,97,0,0
96,29,1,4
96,48,0,5
96,28,0,6
96,2,0,2
96,69,4,3
96,12,0,3
96,87,0,2
96,85,2,0
96,34,0,2
96,86,1,4
96,20,2,0
96,19,1,1
96,60,2,1
96,41,2,0
96,47,0,0
96,45,1,1
96,94,3,2
96,35,0,1
96,62,2,0
96,17,2,0
96,21,1,0
96,52,0,2
96,25,0,0
96,72,0,6
96,32,1,0
96,26,0,6
96,70,0,1
96,24,1,17
96,71,0,10
96,90,0,2
96,27,0,3
96,33,1,13
96,6,0,7
96,92,5,0
96,39,0,5
96,96,0,6
96,23,1,5
96,63,0,5
96,65,0,1
96,61,0,2
96,93,0,5
96,50,0,1
96,54,1,1
96,14,0,4
96,1,2,9
96,22,0,2
96,81,4,0
96,40,0,2
96,15,4,1
96,82,0,5
96,64,0,4
96,67,0,2
96,44,2,0
96,83,2,3
96,8,0,2
96,11,1,1
96,49,2,1
96,5,1,1
96,76,3,0
96,10,3,0
96,30,0,3
96,58,2,1
96,42,0,2
96,0,2,0
96,7,3,0
96,57,0,3
96,55,0,6
96,59,0,2
96,75,1,2
96,43,0,0
96,46,1,0
96,4,2,1
96,13,4,3
96,95,0,2
96,91,1,0
96,66,0,2
96,3,0,14
96,36,1,0
97,59,0,3
97,87,0,3
97,85,2,0
97,99,4,4
97,82,1,6
97,16,0,5
97,19,1,0
97,81,4,0
97,31,1,0
97,64,0,5
97,83,2,4
97,67,0,3
97,39,0,6
97,21,2,1
97,53,1,0
97,7,4,1
97,52,0,3
97,9,0,5
97,46,1,0
97,73,2,0
97,60,1,0
97,22,0,3
97,80,2,0
97,58,1,0
97,33,1,0
97,79,0,6
97,27,0,4
97,90,0,3
97,95,0,3
97,49,1,0
97,5,1,0
97,69,5,4
97,78,1,0
97,26,0,7
97,75,1,0
97,74,0,8
97,48,0,6
97,24,0,0
97,55,1,7
97,38,1,1
97,25,1,1
97,63,0,6
97,0,2,1
97,11,1,2
97,50,0,2
97,61,0,3
97,36,0,0
97,15,4,0
97,17,1,0
97,2,1,0
97,28,1,7
97,96,0,7
97,98,3,1
97,86,1,0
97,54,0,0
97,51,1,1
97,57,0,4
97,30,0,4
97,10,3,1
97,32,1,0
97,84,0,2
97,42,0,3
97,6,0,8
97,88,4,6
97,35,0,2
97,66,0,3
97,76,4,0
97,70,0,2
97,97,1,1
97,65,0,2
97,4,1,0
97,41,2,1
97,92,5,1
97,45,1,0
97,29,1,5
97,47,0,0
97,44,1,0
97,34,0,3
97,56,1,6
97,12,0,4
97,8,0,3
97,68,1,0
97,23,0,0
97,93,1,0
97,89,0,0
97,20,1,0
97,18,0,12
97,72,0,7
97,14,2,0
97,91,0,0
97,40,0,3
97,43,0,1
97,77,0,0
97,3,0,15
97,62,3,0
97,94,3,0
97,37,1,0
97,13,3,0
97,1,3,10
97,71,0,11
98,27,1,5
98,51,1,0
98,55,0,0
98,17,2,1
98,46,1,1
98,83,2,0
98,42,0,4
98,86,0,0
98,36,0,1
98,84,0,3
98,93,1,1
98,87,0,4
98,59,0,4
98,91,0,1
98,60,1,1
98,88,3,0
98,2,0,0
98,76,4,0
98,23,0,1
98,41,1,0
98,58,0,0
98,96,1,8
98,31,1,1
98,62,2,0
98,35,0,3
98,53,1,1
98,94,3,1
98,26,0,8
98,57,1,5
98,39,0,7
98,48,0,7
98,97,1,2
98,13,3,1
98,64,0,6
98,71,1,12
98,70,1,3
98,79,0,7
98,4,1,1
98,40,0,4
98,98,3,2
98,30,0,5
98,10,3,2
98,28,1,8
98,73,1,0
98,18,0,13
98,69,4,0
98,92,5,2
98,66,0,4
98,8,0,4
98,47,0,1
98,12,0,5
98,1,3,11
98,52,0,4
98,6,1,9
98,68,1,0
98,22,0,4
98,77,0,1
98,25,0,0
98,81,5,0
98,56,1,0
98,21,2,2
98,78,1,0
98,5,1,1
98,67,0,4
98,11,1,0
98,15,4,1
98,85,2,1
98,34,1,4
98,61,0,4
98,90,0,0
98,43,0,2
98,63,0,7
98,72,0,8
98,3,1,16
98,95,0,4
98,38,1,0
98,49,1,1
98,0,2,2
98,24,0,1
98,74,0,9
98,45,1,1
98,99,4,0
98,32,1,0
98,50,0,3
98,33,1,0
98,80,2,0
98,14,2,0
98,9,0,6
98,20,1,1
98,19,2,1
98,37,1,1
98,44,1,0
98,16,0,6
98,54,0,1
98,29,1,0
98,75,0,0
98,89,0,1
98,82,1,7
98,65,1,3
98,7,3,0
99,69,4,0
99,7,6,1
99,86,0,1
99,43,0,3
99,88,4,0
99,5,1,2
99,41,0,0
99,60,1,2
99,70,1,0
99,96,0,0
99,4,0,0
99,32,1,0
99,23,0,2
99,61,1,5
99,44,1,0
99,80,2,1
99,49,1,2
99,37,0,0
99,28,0,0
99,35,1,4
99,94,3,2
99,45,1,0
99,40,2,5
99,27,2,6
99,26,0,9
99,53,1,0
99,77,0,2
99,75,0,1
99,92,5,3
99,1,2,0
99,57,1,6
99,24,1,2
99,52,0,5
99,64,0,7
99,29,0,0
99,54,0,2
99,66,0,5
99,50,0,4
99,18,0,14
99,34,0,0
99,8,0,5
99,74,0,10
99,79,0,8
99,58,0,0
99,21,1,0
99,84,0,4
99,98,3,3
99,65,0,0
99,90,0,1
99,38,1,0
99,76,3,0
99,6,1,0
99,31,0,0
99,51,0,0
99,15,3,0
99,14,1,0
99,97,1,0
99,12,0,6
99,42,1,5
99,39,1,0
99,17,3,2
99,0,2,0
99,47,1,2
99,89,0,2
99,91,0,2
99,25,1,1
99,48,0,8
99,82,0,0
99,13,2,0
99,56,2,0
99,95,0,5
99,59,0,5
99,10,3,3
99,36,1,0
99,63,0,8
99,99,4,1
99,2,0,1
99,33,2,1
99,67,1,5
99,62,2,0
99,46,2,0
99,9,0,7
99,87,0,5
99,30,0,6
99,11,0,0
99,68,0,0
99,19,3,2
99,81,4,0
99,3,0,0
99,73,0,0
99,55,0,1
99,78,2,0
99,16,0,7
99,22,0,5
99,72,0,9
99,93,1,0
99,83,1,0
99,71,2,0
99,20,1,2
99,85,2,2
